T;j_count;odd_bits;hit_bits;v2_cap;graph;src;dst;count;weight_num;weight_den;source_count;normalized_num;normalized_den
10;32;2;2;13;full;v2=0|odd=1|h=0;v2=0|odd=1|h=1;211;3673;64;8192;3673;524288
10;32;2;2;13;full;v2=0|odd=1|h=0;v2=0|odd=3|h=1;200;6645;128;8192;6645;1048576
10;32;2;2;13;full;v2=0|odd=1|h=0;v2=1|odd=1|h=1;110;2121;64;8192;2121;524288
10;32;2;2;13;full;v2=0|odd=1|h=0;v2=1|odd=3|h=1;110;897;32;8192;897;262144
10;32;2;2;13;full;v2=0|odd=1|h=0;v2=2|odd=1|h=1;55;437;32;8192;437;262144
10;32;2;2;13;full;v2=0|odd=1|h=0;v2=2|odd=3|h=1;56;1075;64;8192;1075;524288
10;32;2;2;13;full;v2=0|odd=1|h=0;v2=3|odd=1|h=1;24;49;8;8192;49;65536
10;32;2;2;13;full;v2=0|odd=1|h=0;v2=3|odd=3|h=1;32;601;64;8192;601;524288
10;32;2;2;13;full;v2=0|odd=1|h=0;v2=4|odd=1|h=1;10;27;8;8192;27;65536
10;32;2;2;13;full;v2=0|odd=1|h=0;v2=4|odd=3|h=1;16;37;8;8192;37;65536
10;32;2;2;13;full;v2=0|odd=1|h=0;v2=5|odd=1|h=1;6;11;8;8192;11;65536
10;32;2;2;13;full;v2=0|odd=1|h=0;v2=5|odd=3|h=1;5;3;2;8192;3;16384
10;32;2;2;13;full;v2=0|odd=1|h=0;v2=6|odd=1|h=1;4;11;16;8192;11;131072
10;32;2;2;13;full;v2=0|odd=1|h=0;v2=6|odd=3|h=1;3;3;2;8192;3;16384
10;32;2;2;13;full;v2=0|odd=1|h=0;v2=7|odd=1|h=1;1;1;4;8192;1;32768
10;32;2;2;13;full;v2=0|odd=1|h=0;v2=7|odd=3|h=1;2;3;8;8192;3;65536
10;32;2;2;13;full;v2=0|odd=1|h=0;v2=8|odd=3|h=1;1;1;4;8192;1;32768
10;32;2;2;13;full;v2=0|odd=1|h=0;v2=11|odd=3|h=1;1;1;4;8192;1;32768
10;32;2;2;13;full;v2=0|odd=1|h=0;v2=13|odd=3|h=1;1;1;8;8192;1;65536
10;32;2;2;13;full;v2=0|odd=1|h=1;v2=0|odd=1|h=2;211;3673;64;8192;3673;524288
10;32;2;2;13;full;v2=0|odd=1|h=1;v2=0|odd=3|h=2;200;6645;128;8192;6645;1048576
10;32;2;2;13;full;v2=0|odd=1|h=1;v2=1|odd=1|h=2;110;2121;64;8192;2121;524288
10;32;2;2;13;full;v2=0|odd=1|h=1;v2=1|odd=3|h=2;110;897;32;8192;897;262144
10;32;2;2;13;full;v2=0|odd=1|h=1;v2=2|odd=1|h=2;55;437;32;8192;437;262144
10;32;2;2;13;full;v2=0|odd=1|h=1;v2=2|odd=3|h=2;56;1075;64;8192;1075;524288
10;32;2;2;13;full;v2=0|odd=1|h=1;v2=3|odd=1|h=2;24;49;8;8192;49;65536
10;32;2;2;13;full;v2=0|odd=1|h=1;v2=3|odd=3|h=2;32;601;64;8192;601;524288
10;32;2;2;13;full;v2=0|odd=1|h=1;v2=4|odd=1|h=2;10;27;8;8192;27;65536
10;32;2;2;13;full;v2=0|odd=1|h=1;v2=4|odd=3|h=2;16;37;8;8192;37;65536
10;32;2;2;13;full;v2=0|odd=1|h=1;v2=5|odd=1|h=2;6;11;8;8192;11;65536
10;32;2;2;13;full;v2=0|odd=1|h=1;v2=5|odd=3|h=2;5;3;2;8192;3;16384
10;32;2;2;13;full;v2=0|odd=1|h=1;v2=6|odd=1|h=2;4;11;16;8192;11;131072
10;32;2;2;13;full;v2=0|odd=1|h=1;v2=6|odd=3|h=2;3;3;2;8192;3;16384
10;32;2;2;13;full;v2=0|odd=1|h=1;v2=7|odd=1|h=2;1;1;4;8192;1;32768
10;32;2;2;13;full;v2=0|odd=1|h=1;v2=7|odd=3|h=2;2;3;8;8192;3;65536
10;32;2;2;13;full;v2=0|odd=1|h=1;v2=8|odd=3|h=2;1;1;4;8192;1;32768
10;32;2;2;13;full;v2=0|odd=1|h=1;v2=11|odd=3|h=2;1;1;4;8192;1;32768
10;32;2;2;13;full;v2=0|odd=1|h=1;v2=13|odd=3|h=2;1;1;8;8192;1;65536
10;32;2;2;13;full;v2=0|odd=1|h=2;v2=0|odd=1|h=3;211;3673;64;8192;3673;524288
10;32;2;2;13;full;v2=0|odd=1|h=2;v2=0|odd=3|h=3;200;6645;128;8192;6645;1048576
10;32;2;2;13;full;v2=0|odd=1|h=2;v2=1|odd=1|h=3;110;2121;64;8192;2121;524288
10;32;2;2;13;full;v2=0|odd=1|h=2;v2=1|odd=3|h=3;110;897;32;8192;897;262144
10;32;2;2;13;full;v2=0|odd=1|h=2;v2=2|odd=1|h=3;55;437;32;8192;437;262144
10;32;2;2;13;full;v2=0|odd=1|h=2;v2=2|odd=3|h=3;56;1075;64;8192;1075;524288
10;32;2;2;13;full;v2=0|odd=1|h=2;v2=3|odd=1|h=3;24;49;8;8192;49;65536
10;32;2;2;13;full;v2=0|odd=1|h=2;v2=3|odd=3|h=3;32;601;64;8192;601;524288
10;32;2;2;13;full;v2=0|odd=1|h=2;v2=4|odd=1|h=3;10;27;8;8192;27;65536
10;32;2;2;13;full;v2=0|odd=1|h=2;v2=4|odd=3|h=3;16;37;8;8192;37;65536
10;32;2;2;13;full;v2=0|odd=1|h=2;v2=5|odd=1|h=3;6;11;8;8192;11;65536
10;32;2;2;13;full;v2=0|odd=1|h=2;v2=5|odd=3|h=3;5;3;2;8192;3;16384
10;32;2;2;13;full;v2=0|odd=1|h=2;v2=6|odd=1|h=3;4;11;16;8192;11;131072
10;32;2;2;13;full;v2=0|odd=1|h=2;v2=6|odd=3|h=3;3;3;2;8192;3;16384
10;32;2;2;13;full;v2=0|odd=1|h=2;v2=7|odd=1|h=3;1;1;4;8192;1;32768
10;32;2;2;13;full;v2=0|odd=1|h=2;v2=7|odd=3|h=3;2;3;8;8192;3;65536
10;32;2;2;13;full;v2=0|odd=1|h=2;v2=8|odd=3|h=3;1;1;4;8192;1;32768
10;32;2;2;13;full;v2=0|odd=1|h=2;v2=11|odd=3|h=3;1;1;4;8192;1;32768
10;32;2;2;13;full;v2=0|odd=1|h=2;v2=13|odd=3|h=3;1;1;8;8192;1;65536
10;32;2;2;13;full;v2=0|odd=1|h=3;v2=0|odd=1|h=0;211;3673;64;8192;3673;524288
10;32;2;2;13;full;v2=0|odd=1|h=3;v2=0|odd=3|h=0;200;6645;128;8192;6645;1048576
10;32;2;2;13;full;v2=0|odd=1|h=3;v2=1|odd=1|h=0;110;2121;64;8192;2121;524288
10;32;2;2;13;full;v2=0|odd=1|h=3;v2=1|odd=3|h=0;110;897;32;8192;897;262144
10;32;2;2;13;full;v2=0|odd=1|h=3;v2=2|odd=1|h=0;55;437;32;8192;437;262144
10;32;2;2;13;full;v2=0|odd=1|h=3;v2=2|odd=3|h=0;56;1075;64;8192;1075;524288
10;32;2;2;13;full;v2=0|odd=1|h=3;v2=3|odd=1|h=0;24;49;8;8192;49;65536
10;32;2;2;13;full;v2=0|odd=1|h=3;v2=3|odd=3|h=0;32;601;64;8192;601;524288
10;32;2;2;13;full;v2=0|odd=1|h=3;v2=4|odd=1|h=0;10;27;8;8192;27;65536
10;32;2;2;13;full;v2=0|odd=1|h=3;v2=4|odd=3|h=0;16;37;8;8192;37;65536
10;32;2;2;13;full;v2=0|odd=1|h=3;v2=5|odd=1|h=0;6;11;8;8192;11;65536
10;32;2;2;13;full;v2=0|odd=1|h=3;v2=5|odd=3|h=0;5;3;2;8192;3;16384
10;32;2;2;13;full;v2=0|odd=1|h=3;v2=6|odd=1|h=0;4;11;16;8192;11;131072
10;32;2;2;13;full;v2=0|odd=1|h=3;v2=6|odd=3|h=0;3;3;2;8192;3;16384
10;32;2;2;13;full;v2=0|odd=1|h=3;v2=7|odd=1|h=0;1;1;4;8192;1;32768
10;32;2;2;13;full;v2=0|odd=1|h=3;v2=7|odd=3|h=0;2;3;8;8192;3;65536
10;32;2;2;13;full;v2=0|odd=1|h=3;v2=8|odd=3|h=0;1;1;4;8192;1;32768
10;32;2;2;13;full;v2=0|odd=1|h=3;v2=11|odd=3|h=0;1;1;4;8192;1;32768
10;32;2;2;13;full;v2=0|odd=1|h=3;v2=13|odd=3|h=0;1;1;8;8192;1;65536
10;32;2;2;13;full;v2=0|odd=3|h=0;v2=0|odd=1|h=1;251;5417;128;8192;5417;1048576
10;32;2;2;13;full;v2=0|odd=3|h=0;v2=0|odd=3|h=1;230;9629;256;8192;9629;2097152
10;32;2;2;13;full;v2=0|odd=3|h=0;v2=1|odd=1|h=1;127;5129;256;8192;5129;2097152
10;32;2;2;13;full;v2=0|odd=3|h=0;v2=1|odd=3|h=1;122;22005;1024;8192;22005;8388608
10;32;2;2;13;full;v2=0|odd=3|h=0;v2=2|odd=1|h=1;59;2613;256;8192;2613;2097152
10;32;2;2;13;full;v2=0|odd=3|h=0;v2=2|odd=3|h=1;64;3015;256;8192;3015;2097152
10;32;2;2;13;full;v2=0|odd=3|h=0;v2=3|odd=1|h=1;31;403;64;8192;403;524288
10;32;2;2;13;full;v2=0|odd=3|h=0;v2=3|odd=3|h=1;30;573;128;8192;573;1048576
10;32;2;2;13;full;v2=0|odd=3|h=0;v2=4|odd=1|h=1;14;87;32;8192;87;262144
10;32;2;2;13;full;v2=0|odd=3|h=0;v2=4|odd=3|h=1;13;2;1;8192;1;4096
10;32;2;2;13;full;v2=0|odd=3|h=0;v2=5|odd=1|h=1;6;3;4;8192;3;32768
10;32;2;2;13;full;v2=0|odd=3|h=0;v2=5|odd=3|h=1;6;31;32;8192;31;262144
10;32;2;2;13;full;v2=0|odd=3|h=0;v2=6|odd=1|h=1;3;3;8;8192;3;65536
10;32;2;2;13;full;v2=0|odd=3|h=0;v2=6|odd=3|h=1;4;289;1024;8192;289;8388608
10;32;2;2;13;full;v2=0|odd=3|h=0;v2=7|odd=1|h=1;1;1;64;8192;1;524288
10;32;2;2;13;full;v2=0|odd=3|h=0;v2=7|odd=3|h=1;1;1;8;8192;1;65536
10;32;2;2;13;full;v2=0|odd=3|h=0;v2=8|odd=1|h=1;2;5;16;8192;5;131072
10;32;2;2;13;full;v2=0|odd=3|h=0;v2=8|odd=3|h=1;2;3;8;8192;3;65536
10;32;2;2;13;full;v2=0|odd=3|h=0;v2=9|odd=1|h=1;1;1;8;8192;1;65536
10;32;2;2;13;full;v2=0|odd=3|h=0;v2=10|odd=1|h=1;1;1;4;8192;1;32768
10;32;2;2;13;full;v2=0|odd=3|h=0;v2=11|odd=3|h=1;1;1;4;8192;1;32768
10;32;2;2;13;full;v2=0|odd=3|h=1;v2=0|odd=1|h=2;251;5417;128;8192;5417;1048576
10;32;2;2;13;full;v2=0|odd=3|h=1;v2=0|odd=3|h=2;230;9629;256;8192;9629;2097152
10;32;2;2;13;full;v2=0|odd=3|h=1;v2=1|odd=1|h=2;127;5129;256;8192;5129;2097152
10;32;2;2;13;full;v2=0|odd=3|h=1;v2=1|odd=3|h=2;122;22005;1024;8192;22005;8388608
10;32;2;2;13;full;v2=0|odd=3|h=1;v2=2|odd=1|h=2;59;2613;256;8192;2613;2097152
10;32;2;2;13;full;v2=0|odd=3|h=1;v2=2|odd=3|h=2;64;3015;256;8192;3015;2097152
10;32;2;2;13;full;v2=0|odd=3|h=1;v2=3|odd=1|h=2;31;403;64;8192;403;524288
10;32;2;2;13;full;v2=0|odd=3|h=1;v2=3|odd=3|h=2;30;573;128;8192;573;1048576
10;32;2;2;13;full;v2=0|odd=3|h=1;v2=4|odd=1|h=2;14;87;32;8192;87;262144
10;32;2;2;13;full;v2=0|odd=3|h=1;v2=4|odd=3|h=2;13;2;1;8192;1;4096
10;32;2;2;13;full;v2=0|odd=3|h=1;v2=5|odd=1|h=2;6;3;4;8192;3;32768
10;32;2;2;13;full;v2=0|odd=3|h=1;v2=5|odd=3|h=2;6;31;32;8192;31;262144
10;32;2;2;13;full;v2=0|odd=3|h=1;v2=6|odd=1|h=2;3;3;8;8192;3;65536
10;32;2;2;13;full;v2=0|odd=3|h=1;v2=6|odd=3|h=2;4;289;1024;8192;289;8388608
10;32;2;2;13;full;v2=0|odd=3|h=1;v2=7|odd=1|h=2;1;1;64;8192;1;524288
10;32;2;2;13;full;v2=0|odd=3|h=1;v2=7|odd=3|h=2;1;1;8;8192;1;65536
10;32;2;2;13;full;v2=0|odd=3|h=1;v2=8|odd=1|h=2;2;5;16;8192;5;131072
10;32;2;2;13;full;v2=0|odd=3|h=1;v2=8|odd=3|h=2;2;3;8;8192;3;65536
10;32;2;2;13;full;v2=0|odd=3|h=1;v2=9|odd=1|h=2;1;1;8;8192;1;65536
10;32;2;2;13;full;v2=0|odd=3|h=1;v2=10|odd=1|h=2;1;1;4;8192;1;32768
10;32;2;2;13;full;v2=0|odd=3|h=1;v2=11|odd=3|h=2;1;1;4;8192;1;32768
10;32;2;2;13;full;v2=0|odd=3|h=2;v2=0|odd=1|h=3;251;5417;128;8192;5417;1048576
10;32;2;2;13;full;v2=0|odd=3|h=2;v2=0|odd=3|h=3;230;9629;256;8192;9629;2097152
10;32;2;2;13;full;v2=0|odd=3|h=2;v2=1|odd=1|h=3;127;5129;256;8192;5129;2097152
10;32;2;2;13;full;v2=0|odd=3|h=2;v2=1|odd=3|h=3;122;22005;1024;8192;22005;8388608
10;32;2;2;13;full;v2=0|odd=3|h=2;v2=2|odd=1|h=3;59;2613;256;8192;2613;2097152
10;32;2;2;13;full;v2=0|odd=3|h=2;v2=2|odd=3|h=3;64;3015;256;8192;3015;2097152
10;32;2;2;13;full;v2=0|odd=3|h=2;v2=3|odd=1|h=3;31;403;64;8192;403;524288
10;32;2;2;13;full;v2=0|odd=3|h=2;v2=3|odd=3|h=3;30;573;128;8192;573;1048576
10;32;2;2;13;full;v2=0|odd=3|h=2;v2=4|odd=1|h=3;14;87;32;8192;87;262144
10;32;2;2;13;full;v2=0|odd=3|h=2;v2=4|odd=3|h=3;13;2;1;8192;1;4096
10;32;2;2;13;full;v2=0|odd=3|h=2;v2=5|odd=1|h=3;6;3;4;8192;3;32768
10;32;2;2;13;full;v2=0|odd=3|h=2;v2=5|odd=3|h=3;6;31;32;8192;31;262144
10;32;2;2;13;full;v2=0|odd=3|h=2;v2=6|odd=1|h=3;3;3;8;8192;3;65536
10;32;2;2;13;full;v2=0|odd=3|h=2;v2=6|odd=3|h=3;4;289;1024;8192;289;8388608
10;32;2;2;13;full;v2=0|odd=3|h=2;v2=7|odd=1|h=3;1;1;64;8192;1;524288
10;32;2;2;13;full;v2=0|odd=3|h=2;v2=7|odd=3|h=3;1;1;8;8192;1;65536
10;32;2;2;13;full;v2=0|odd=3|h=2;v2=8|odd=1|h=3;2;5;16;8192;5;131072
10;32;2;2;13;full;v2=0|odd=3|h=2;v2=8|odd=3|h=3;2;3;8;8192;3;65536
10;32;2;2;13;full;v2=0|odd=3|h=2;v2=9|odd=1|h=3;1;1;8;8192;1;65536
10;32;2;2;13;full;v2=0|odd=3|h=2;v2=10|odd=1|h=3;1;1;4;8192;1;32768
10;32;2;2;13;full;v2=0|odd=3|h=2;v2=11|odd=3|h=3;1;1;4;8192;1;32768
10;32;2;2;13;full;v2=0|odd=3|h=3;v2=0|odd=1|h=0;251;5417;128;8192;5417;1048576
10;32;2;2;13;full;v2=0|odd=3|h=3;v2=0|odd=3|h=0;230;9629;256;8192;9629;2097152
10;32;2;2;13;full;v2=0|odd=3|h=3;v2=1|odd=1|h=0;127;5129;256;8192;5129;2097152
10;32;2;2;13;full;v2=0|odd=3|h=3;v2=1|odd=3|h=0;122;22005;1024;8192;22005;8388608
10;32;2;2;13;full;v2=0|odd=3|h=3;v2=2|odd=1|h=0;59;2613;256;8192;2613;2097152
10;32;2;2;13;full;v2=0|odd=3|h=3;v2=2|odd=3|h=0;64;3015;256;8192;3015;2097152
10;32;2;2;13;full;v2=0|odd=3|h=3;v2=3|odd=1|h=0;31;403;64;8192;403;524288
10;32;2;2;13;full;v2=0|odd=3|h=3;v2=3|odd=3|h=0;30;573;128;8192;573;1048576
10;32;2;2;13;full;v2=0|odd=3|h=3;v2=4|odd=1|h=0;14;87;32;8192;87;262144
10;32;2;2;13;full;v2=0|odd=3|h=3;v2=4|odd=3|h=0;13;2;1;8192;1;4096
10;32;2;2;13;full;v2=0|odd=3|h=3;v2=5|odd=1|h=0;6;3;4;8192;3;32768
10;32;2;2;13;full;v2=0|odd=3|h=3;v2=5|odd=3|h=0;6;31;32;8192;31;262144
10;32;2;2;13;full;v2=0|odd=3|h=3;v2=6|odd=1|h=0;3;3;8;8192;3;65536
10;32;2;2;13;full;v2=0|odd=3|h=3;v2=6|odd=3|h=0;4;289;1024;8192;289;8388608
10;32;2;2;13;full;v2=0|odd=3|h=3;v2=7|odd=1|h=0;1;1;64;8192;1;524288
10;32;2;2;13;full;v2=0|odd=3|h=3;v2=7|odd=3|h=0;1;1;8;8192;1;65536
10;32;2;2;13;full;v2=0|odd=3|h=3;v2=8|odd=1|h=0;2;5;16;8192;5;131072
10;32;2;2;13;full;v2=0|odd=3|h=3;v2=8|odd=3|h=0;2;3;8;8192;3;65536
10;32;2;2;13;full;v2=0|odd=3|h=3;v2=9|odd=1|h=0;1;1;8;8192;1;65536
10;32;2;2;13;full;v2=0|odd=3|h=3;v2=10|odd=1|h=0;1;1;4;8192;1;32768
10;32;2;2;13;full;v2=0|odd=3|h=3;v2=11|odd=3|h=0;1;1;4;8192;1;32768
10;32;2;2;13;full;v2=1|odd=1|h=0;v2=0|odd=1|h=1;10;33;4;4096;33;16384
10;32;2;2;13;full;v2=1|odd=1|h=0;v2=0|odd=3|h=1;12;121;16;4096;121;65536
10;32;2;2;13;full;v2=1|odd=1|h=0;v2=1|odd=1|h=1;5;13;4;4096;13;16384
10;32;2;2;13;full;v2=1|odd=1|h=0;v2=1|odd=3|h=1;4;3;1;4096;3;4096
10;32;2;2;13;full;v2=1|odd=1|h=0;v2=2|odd=1|h=1;2;3;2;4096;3;8192
10;32;2;2;13;full;v2=1|odd=1|h=0;v2=2|odd=3|h=1;2;3;2;4096;3;8192
10;32;2;2;13;full;v2=1|odd=1|h=0;v2=3|odd=1|h=1;2;3;2;4096;3;8192
10;32;2;2;13;full;v2=1|odd=1|h=0;v2=3|odd=3|h=1;2;3;2;4096;3;8192
10;32;2;2;13;full;v2=1|odd=1|h=0;v2=4|odd=1|h=1;1;1;4;4096;1;16384
10;32;2;2;13;full;v2=1|odd=1|h=0;v2=4|odd=3|h=1;2;1;1;4096;1;4096
10;32;2;2;13;full;v2=1|odd=1|h=0;v2=5|odd=1|h=1;1;1;1;4096;1;4096
10;32;2;2;13;full;v2=1|odd=1|h=0;v2=5|odd=3|h=1;1;1;2;4096;1;8192
10;32;2;2;13;full;v2=1|odd=1|h=0;v2=6|odd=3|h=1;2;3;4;4096;3;16384
10;32;2;2;13;full;v2=1|odd=1|h=1;v2=0|odd=1|h=2;10;33;4;4096;33;16384
10;32;2;2;13;full;v2=1|odd=1|h=1;v2=0|odd=3|h=2;12;121;16;4096;121;65536
10;32;2;2;13;full;v2=1|odd=1|h=1;v2=1|odd=1|h=2;5;13;4;4096;13;16384
10;32;2;2;13;full;v2=1|odd=1|h=1;v2=1|odd=3|h=2;4;3;1;4096;3;4096
10;32;2;2;13;full;v2=1|odd=1|h=1;v2=2|odd=1|h=2;2;3;2;4096;3;8192
10;32;2;2;13;full;v2=1|odd=1|h=1;v2=2|odd=3|h=2;2;3;2;4096;3;8192
10;32;2;2;13;full;v2=1|odd=1|h=1;v2=3|odd=1|h=2;2;3;2;4096;3;8192
10;32;2;2;13;full;v2=1|odd=1|h=1;v2=3|odd=3|h=2;2;3;2;4096;3;8192
10;32;2;2;13;full;v2=1|odd=1|h=1;v2=4|odd=1|h=2;1;1;4;4096;1;16384
10;32;2;2;13;full;v2=1|odd=1|h=1;v2=4|odd=3|h=2;2;1;1;4096;1;4096
10;32;2;2;13;full;v2=1|odd=1|h=1;v2=5|odd=1|h=2;1;1;1;4096;1;4096
10;32;2;2;13;full;v2=1|odd=1|h=1;v2=5|odd=3|h=2;1;1;2;4096;1;8192
10;32;2;2;13;full;v2=1|odd=1|h=1;v2=6|odd=3|h=2;2;3;4;4096;3;16384
10;32;2;2;13;full;v2=1|odd=1|h=2;v2=0|odd=1|h=3;10;33;4;4096;33;16384
10;32;2;2;13;full;v2=1|odd=1|h=2;v2=0|odd=3|h=3;12;121;16;4096;121;65536
10;32;2;2;13;full;v2=1|odd=1|h=2;v2=1|odd=1|h=3;5;13;4;4096;13;16384
10;32;2;2;13;full;v2=1|odd=1|h=2;v2=1|odd=3|h=3;4;3;1;4096;3;4096
10;32;2;2;13;full;v2=1|odd=1|h=2;v2=2|odd=1|h=3;2;3;2;4096;3;8192
10;32;2;2;13;full;v2=1|odd=1|h=2;v2=2|odd=3|h=3;2;3;2;4096;3;8192
10;32;2;2;13;full;v2=1|odd=1|h=2;v2=3|odd=1|h=3;2;3;2;4096;3;8192
10;32;2;2;13;full;v2=1|odd=1|h=2;v2=3|odd=3|h=3;2;3;2;4096;3;8192
10;32;2;2;13;full;v2=1|odd=1|h=2;v2=4|odd=1|h=3;1;1;4;4096;1;16384
10;32;2;2;13;full;v2=1|odd=1|h=2;v2=4|odd=3|h=3;2;1;1;4096;1;4096
10;32;2;2;13;full;v2=1|odd=1|h=2;v2=5|odd=1|h=3;1;1;1;4096;1;4096
10;32;2;2;13;full;v2=1|odd=1|h=2;v2=5|odd=3|h=3;1;1;2;4096;1;8192
10;32;2;2;13;full;v2=1|odd=1|h=2;v2=6|odd=3|h=3;2;3;4;4096;3;16384
10;32;2;2;13;full;v2=1|odd=1|h=3;v2=0|odd=1|h=0;10;33;4;4096;33;16384
10;32;2;2;13;full;v2=1|odd=1|h=3;v2=0|odd=3|h=0;12;121;16;4096;121;65536
10;32;2;2;13;full;v2=1|odd=1|h=3;v2=1|odd=1|h=0;5;13;4;4096;13;16384
10;32;2;2;13;full;v2=1|odd=1|h=3;v2=1|odd=3|h=0;4;3;1;4096;3;4096
10;32;2;2;13;full;v2=1|odd=1|h=3;v2=2|odd=1|h=0;2;3;2;4096;3;8192
10;32;2;2;13;full;v2=1|odd=1|h=3;v2=2|odd=3|h=0;2;3;2;4096;3;8192
10;32;2;2;13;full;v2=1|odd=1|h=3;v2=3|odd=1|h=0;2;3;2;4096;3;8192
10;32;2;2;13;full;v2=1|odd=1|h=3;v2=3|odd=3|h=0;2;3;2;4096;3;8192
10;32;2;2;13;full;v2=1|odd=1|h=3;v2=4|odd=1|h=0;1;1;4;4096;1;16384
10;32;2;2;13;full;v2=1|odd=1|h=3;v2=4|odd=3|h=0;2;1;1;4096;1;4096
10;32;2;2;13;full;v2=1|odd=1|h=3;v2=5|odd=1|h=0;1;1;1;4096;1;4096
10;32;2;2;13;full;v2=1|odd=1|h=3;v2=5|odd=3|h=0;1;1;2;4096;1;8192
10;32;2;2;13;full;v2=1|odd=1|h=3;v2=6|odd=3|h=0;2;3;4;4096;3;16384
10;32;2;2;13;full;v2=1|odd=3|h=0;v2=0|odd=1|h=1;42;111;8;4096;111;32768
10;32;2;2;13;full;v2=1|odd=3|h=0;v2=0|odd=3|h=1;40;243;16;4096;243;65536
10;32;2;2;13;full;v2=1|odd=3|h=0;v2=1|odd=1|h=1;21;139;16;4096;139;65536
10;32;2;2;13;full;v2=1|odd=3|h=0;v2=1|odd=3|h=1;21;63;8;4096;63;32768
10;32;2;2;13;full;v2=1|odd=3|h=0;v2=2|odd=1|h=1;12;249;64;4096;249;262144
10;32;2;2;13;full;v2=1|odd=3|h=0;v2=2|odd=3|h=1;12;177;32;4096;177;131072
10;32;2;2;13;full;v2=1|odd=3|h=0;v2=3|odd=1|h=1;6;11;8;4096;11;32768
10;32;2;2;13;full;v2=1|odd=3|h=0;v2=3|odd=3|h=1;2;1;2;4096;1;8192
10;32;2;2;13;full;v2=1|odd=3|h=0;v2=4|odd=3|h=1;3;1;1;4096;1;4096
10;32;2;2;13;full;v2=1|odd=3|h=0;v2=5|odd=1|h=1;2;5;8;4096;5;32768
10;32;2;2;13;full;v2=1|odd=3|h=0;v2=5|odd=3|h=1;4;3;2;4096;3;8192
10;32;2;2;13;full;v2=1|odd=3|h=0;v2=6|odd=1|h=1;2;1;2;4096;1;8192
10;32;2;2;13;full;v2=1|odd=3|h=0;v2=7|odd=3|h=1;1;1;8;4096;1;32768
10;32;2;2;13;full;v2=1|odd=3|h=0;v2=8|odd=1|h=1;1;1;2;4096;1;8192
10;32;2;2;13;full;v2=1|odd=3|h=0;v2=10|odd=1|h=1;1;1;4;4096;1;16384
10;32;2;2;13;full;v2=1|odd=3|h=1;v2=0|odd=1|h=2;42;111;8;4096;111;32768
10;32;2;2;13;full;v2=1|odd=3|h=1;v2=0|odd=3|h=2;40;243;16;4096;243;65536
10;32;2;2;13;full;v2=1|odd=3|h=1;v2=1|odd=1|h=2;21;139;16;4096;139;65536
10;32;2;2;13;full;v2=1|odd=3|h=1;v2=1|odd=3|h=2;21;63;8;4096;63;32768
10;32;2;2;13;full;v2=1|odd=3|h=1;v2=2|odd=1|h=2;12;249;64;4096;249;262144
10;32;2;2;13;full;v2=1|odd=3|h=1;v2=2|odd=3|h=2;12;177;32;4096;177;131072
10;32;2;2;13;full;v2=1|odd=3|h=1;v2=3|odd=1|h=2;6;11;8;4096;11;32768
10;32;2;2;13;full;v2=1|odd=3|h=1;v2=3|odd=3|h=2;2;1;2;4096;1;8192
10;32;2;2;13;full;v2=1|odd=3|h=1;v2=4|odd=3|h=2;3;1;1;4096;1;4096
10;32;2;2;13;full;v2=1|odd=3|h=1;v2=5|odd=1|h=2;2;5;8;4096;5;32768
10;32;2;2;13;full;v2=1|odd=3|h=1;v2=5|odd=3|h=2;4;3;2;4096;3;8192
10;32;2;2;13;full;v2=1|odd=3|h=1;v2=6|odd=1|h=2;2;1;2;4096;1;8192
10;32;2;2;13;full;v2=1|odd=3|h=1;v2=7|odd=3|h=2;1;1;8;4096;1;32768
10;32;2;2;13;full;v2=1|odd=3|h=1;v2=8|odd=1|h=2;1;1;2;4096;1;8192
10;32;2;2;13;full;v2=1|odd=3|h=1;v2=10|odd=1|h=2;1;1;4;4096;1;16384
10;32;2;2;13;full;v2=1|odd=3|h=2;v2=0|odd=1|h=3;42;111;8;4096;111;32768
10;32;2;2;13;full;v2=1|odd=3|h=2;v2=0|odd=3|h=3;40;243;16;4096;243;65536
10;32;2;2;13;full;v2=1|odd=3|h=2;v2=1|odd=1|h=3;21;139;16;4096;139;65536
10;32;2;2;13;full;v2=1|odd=3|h=2;v2=1|odd=3|h=3;21;63;8;4096;63;32768
10;32;2;2;13;full;v2=1|odd=3|h=2;v2=2|odd=1|h=3;12;249;64;4096;249;262144
10;32;2;2;13;full;v2=1|odd=3|h=2;v2=2|odd=3|h=3;12;177;32;4096;177;131072
10;32;2;2;13;full;v2=1|odd=3|h=2;v2=3|odd=1|h=3;6;11;8;4096;11;32768
10;32;2;2;13;full;v2=1|odd=3|h=2;v2=3|odd=3|h=3;2;1;2;4096;1;8192
10;32;2;2;13;full;v2=1|odd=3|h=2;v2=4|odd=3|h=3;3;1;1;4096;1;4096
10;32;2;2;13;full;v2=1|odd=3|h=2;v2=5|odd=1|h=3;2;5;8;4096;5;32768
10;32;2;2;13;full;v2=1|odd=3|h=2;v2=5|odd=3|h=3;4;3;2;4096;3;8192
10;32;2;2;13;full;v2=1|odd=3|h=2;v2=6|odd=1|h=3;2;1;2;4096;1;8192
10;32;2;2;13;full;v2=1|odd=3|h=2;v2=7|odd=3|h=3;1;1;8;4096;1;32768
10;32;2;2;13;full;v2=1|odd=3|h=2;v2=8|odd=1|h=3;1;1;2;4096;1;8192
10;32;2;2;13;full;v2=1|odd=3|h=2;v2=10|odd=1|h=3;1;1;4;4096;1;16384
10;32;2;2;13;full;v2=1|odd=3|h=3;v2=0|odd=1|h=0;42;111;8;4096;111;32768
10;32;2;2;13;full;v2=1|odd=3|h=3;v2=0|odd=3|h=0;40;243;16;4096;243;65536
10;32;2;2;13;full;v2=1|odd=3|h=3;v2=1|odd=1|h=0;21;139;16;4096;139;65536
10;32;2;2;13;full;v2=1|odd=3|h=3;v2=1|odd=3|h=0;21;63;8;4096;63;32768
10;32;2;2;13;full;v2=1|odd=3|h=3;v2=2|odd=1|h=0;12;249;64;4096;249;262144
10;32;2;2;13;full;v2=1|odd=3|h=3;v2=2|odd=3|h=0;12;177;32;4096;177;131072
10;32;2;2;13;full;v2=1|odd=3|h=3;v2=3|odd=1|h=0;6;11;8;4096;11;32768
10;32;2;2;13;full;v2=1|odd=3|h=3;v2=3|odd=3|h=0;2;1;2;4096;1;8192
10;32;2;2;13;full;v2=1|odd=3|h=3;v2=4|odd=3|h=0;3;1;1;4096;1;4096
10;32;2;2;13;full;v2=1|odd=3|h=3;v2=5|odd=1|h=0;2;5;8;4096;5;32768
10;32;2;2;13;full;v2=1|odd=3|h=3;v2=5|odd=3|h=0;4;3;2;4096;3;8192
10;32;2;2;13;full;v2=1|odd=3|h=3;v2=6|odd=1|h=0;2;1;2;4096;1;8192
10;32;2;2;13;full;v2=1|odd=3|h=3;v2=7|odd=3|h=0;1;1;8;4096;1;32768
10;32;2;2;13;full;v2=1|odd=3|h=3;v2=8|odd=1|h=0;1;1;2;4096;1;8192
10;32;2;2;13;full;v2=1|odd=3|h=3;v2=10|odd=1|h=0;1;1;4;4096;1;16384
10;32;2;2;13;full;v2=2|odd=1|h=0;v2=0|odd=1|h=1;16;91;16;2048;91;32768
10;32;2;2;13;full;v2=2|odd=1|h=0;v2=0|odd=3|h=1;23;1477;256;2048;1477;524288
10;32;2;2;13;full;v2=2|odd=1|h=0;v2=1|odd=1|h=1;11;611;128;2048;611;262144
10;32;2;2;13;full;v2=2|odd=1|h=0;v2=1|odd=3|h=1;15;105;32;2048;105;65536
10;32;2;2;13;full;v2=2|odd=1|h=0;v2=2|odd=1|h=1;2;3;8;2048;3;16384
10;32;2;2;13;full;v2=2|odd=1|h=0;v2=2|odd=3|h=1;2;3;4;2048;3;8192
10;32;2;2;13;full;v2=2|odd=1|h=0;v2=3|odd=1|h=1;4;57;32;2048;57;65536
10;32;2;2;13;full;v2=2|odd=1|h=0;v2=3|odd=3|h=1;1;1;4;2048;1;8192
10;32;2;2;13;full;v2=2|odd=1|h=0;v2=4|odd=3|h=1;2;9;16;2048;9;32768
10;32;2;2;13;full;v2=2|odd=1|h=0;v2=6|odd=1|h=1;1;1;2;2048;1;4096
10;32;2;2;13;full;v2=2|odd=1|h=0;v2=7|odd=1|h=1;1;1;16;2048;1;32768
10;32;2;2;13;full;v2=2|odd=1|h=0;v2=8|odd=1|h=1;1;1;2;2048;1;4096
10;32;2;2;13;full;v2=2|odd=1|h=1;v2=0|odd=1|h=2;16;91;16;2048;91;32768
10;32;2;2;13;full;v2=2|odd=1|h=1;v2=0|odd=3|h=2;23;1477;256;2048;1477;524288
10;32;2;2;13;full;v2=2|odd=1|h=1;v2=1|odd=1|h=2;11;611;128;2048;611;262144
10;32;2;2;13;full;v2=2|odd=1|h=1;v2=1|odd=3|h=2;15;105;32;2048;105;65536
10;32;2;2;13;full;v2=2|odd=1|h=1;v2=2|odd=1|h=2;2;3;8;2048;3;16384
10;32;2;2;13;full;v2=2|odd=1|h=1;v2=2|odd=3|h=2;2;3;4;2048;3;8192
10;32;2;2;13;full;v2=2|odd=1|h=1;v2=3|odd=1|h=2;4;57;32;2048;57;65536
10;32;2;2;13;full;v2=2|odd=1|h=1;v2=3|odd=3|h=2;1;1;4;2048;1;8192
10;32;2;2;13;full;v2=2|odd=1|h=1;v2=4|odd=3|h=2;2;9;16;2048;9;32768
10;32;2;2;13;full;v2=2|odd=1|h=1;v2=6|odd=1|h=2;1;1;2;2048;1;4096
10;32;2;2;13;full;v2=2|odd=1|h=1;v2=7|odd=1|h=2;1;1;16;2048;1;32768
10;32;2;2;13;full;v2=2|odd=1|h=1;v2=8|odd=1|h=2;1;1;2;2048;1;4096
10;32;2;2;13;full;v2=2|odd=1|h=2;v2=0|odd=1|h=3;16;91;16;2048;91;32768
10;32;2;2;13;full;v2=2|odd=1|h=2;v2=0|odd=3|h=3;23;1477;256;2048;1477;524288
10;32;2;2;13;full;v2=2|odd=1|h=2;v2=1|odd=1|h=3;11;611;128;2048;611;262144
10;32;2;2;13;full;v2=2|odd=1|h=2;v2=1|odd=3|h=3;15;105;32;2048;105;65536
10;32;2;2;13;full;v2=2|odd=1|h=2;v2=2|odd=1|h=3;2;3;8;2048;3;16384
10;32;2;2;13;full;v2=2|odd=1|h=2;v2=2|odd=3|h=3;2;3;4;2048;3;8192
10;32;2;2;13;full;v2=2|odd=1|h=2;v2=3|odd=1|h=3;4;57;32;2048;57;65536
10;32;2;2;13;full;v2=2|odd=1|h=2;v2=3|odd=3|h=3;1;1;4;2048;1;8192
10;32;2;2;13;full;v2=2|odd=1|h=2;v2=4|odd=3|h=3;2;9;16;2048;9;32768
10;32;2;2;13;full;v2=2|odd=1|h=2;v2=6|odd=1|h=3;1;1;2;2048;1;4096
10;32;2;2;13;full;v2=2|odd=1|h=2;v2=7|odd=1|h=3;1;1;16;2048;1;32768
10;32;2;2;13;full;v2=2|odd=1|h=2;v2=8|odd=1|h=3;1;1;2;2048;1;4096
10;32;2;2;13;full;v2=2|odd=1|h=3;v2=0|odd=1|h=0;16;91;16;2048;91;32768
10;32;2;2;13;full;v2=2|odd=1|h=3;v2=0|odd=3|h=0;23;1477;256;2048;1477;524288
10;32;2;2;13;full;v2=2|odd=1|h=3;v2=1|odd=1|h=0;11;611;128;2048;611;262144
10;32;2;2;13;full;v2=2|odd=1|h=3;v2=1|odd=3|h=0;15;105;32;2048;105;65536
10;32;2;2;13;full;v2=2|odd=1|h=3;v2=2|odd=1|h=0;2;3;8;2048;3;16384
10;32;2;2;13;full;v2=2|odd=1|h=3;v2=2|odd=3|h=0;2;3;4;2048;3;8192
10;32;2;2;13;full;v2=2|odd=1|h=3;v2=3|odd=1|h=0;4;57;32;2048;57;65536
10;32;2;2;13;full;v2=2|odd=1|h=3;v2=3|odd=3|h=0;1;1;4;2048;1;8192
10;32;2;2;13;full;v2=2|odd=1|h=3;v2=4|odd=3|h=0;2;9;16;2048;9;32768
10;32;2;2;13;full;v2=2|odd=1|h=3;v2=6|odd=1|h=0;1;1;2;2048;1;4096
10;32;2;2;13;full;v2=2|odd=1|h=3;v2=7|odd=1|h=0;1;1;16;2048;1;32768
10;32;2;2;13;full;v2=2|odd=1|h=3;v2=8|odd=1|h=0;1;1;2;2048;1;4096
10;32;2;2;13;full;v2=2|odd=3|h=0;v2=0|odd=1|h=1;283;3439;32;2048;3439;65536
10;32;2;2;13;full;v2=2|odd=3|h=0;v2=0|odd=3|h=1;277;6709;64;2048;6709;131072
10;32;2;2;13;full;v2=2|odd=3|h=0;v2=1|odd=1|h=1;145;1737;32;2048;1737;65536
10;32;2;2;13;full;v2=2|odd=3|h=0;v2=1|odd=3|h=1;142;1721;32;2048;1721;65536
10;32;2;2;13;full;v2=2|odd=3|h=0;v2=2|odd=1|h=1;71;437;16;2048;437;32768
10;32;2;2;13;full;v2=2|odd=3|h=0;v2=2|odd=3|h=1;71;429;16;2048;429;32768
10;32;2;2;13;full;v2=2|odd=3|h=0;v2=3|odd=1|h=1;35;197;16;2048;197;32768
10;32;2;2;13;full;v2=2|odd=3|h=0;v2=3|odd=3|h=1;35;109;8;2048;109;16384
10;32;2;2;13;full;v2=2|odd=3|h=0;v2=4|odd=1|h=1;18;55;8;2048;55;16384
10;32;2;2;13;full;v2=2|odd=3|h=0;v2=4|odd=3|h=1;19;61;8;2048;61;16384
10;32;2;2;13;full;v2=2|odd=3|h=0;v2=5|odd=1|h=1;8;13;4;2048;13;8192
10;32;2;2;13;full;v2=2|odd=3|h=0;v2=5|odd=3|h=1;9;3;1;2048;3;2048
10;32;2;2;13;full;v2=2|odd=3|h=0;v2=6|odd=1|h=1;5;3;2;2048;3;4096
10;32;2;2;13;full;v2=2|odd=3|h=0;v2=6|odd=3|h=1;4;7;4;2048;7;8192
10;32;2;2;13;full;v2=2|odd=3|h=0;v2=7|odd=1|h=1;3;5;4;2048;5;8192
10;32;2;2;13;full;v2=2|odd=3|h=0;v2=7|odd=3|h=1;2;1;1;2048;1;2048
10;32;2;2;13;full;v2=2|odd=3|h=0;v2=8|odd=1|h=1;1;1;4;2048;1;8192
10;32;2;2;13;full;v2=2|odd=3|h=0;v2=8|odd=3|h=1;1;1;2;2048;1;4096
10;32;2;2;13;full;v2=2|odd=3|h=0;v2=9|odd=3|h=1;1;1;2;2048;1;4096
10;32;2;2;13;full;v2=2|odd=3|h=0;v2=12|odd=1|h=1;1;1;2;2048;1;4096
10;32;2;2;13;full;v2=2|odd=3|h=1;v2=0|odd=1|h=2;283;3439;32;2048;3439;65536
10;32;2;2;13;full;v2=2|odd=3|h=1;v2=0|odd=3|h=2;277;6709;64;2048;6709;131072
10;32;2;2;13;full;v2=2|odd=3|h=1;v2=1|odd=1|h=2;145;1737;32;2048;1737;65536
10;32;2;2;13;full;v2=2|odd=3|h=1;v2=1|odd=3|h=2;142;1721;32;2048;1721;65536
10;32;2;2;13;full;v2=2|odd=3|h=1;v2=2|odd=1|h=2;71;437;16;2048;437;32768
10;32;2;2;13;full;v2=2|odd=3|h=1;v2=2|odd=3|h=2;71;429;16;2048;429;32768
10;32;2;2;13;full;v2=2|odd=3|h=1;v2=3|odd=1|h=2;35;197;16;2048;197;32768
10;32;2;2;13;full;v2=2|odd=3|h=1;v2=3|odd=3|h=2;35;109;8;2048;109;16384
10;32;2;2;13;full;v2=2|odd=3|h=1;v2=4|odd=1|h=2;18;55;8;2048;55;16384
10;32;2;2;13;full;v2=2|odd=3|h=1;v2=4|odd=3|h=2;19;61;8;2048;61;16384
10;32;2;2;13;full;v2=2|odd=3|h=1;v2=5|odd=1|h=2;8;13;4;2048;13;8192
10;32;2;2;13;full;v2=2|odd=3|h=1;v2=5|odd=3|h=2;9;3;1;2048;3;2048
10;32;2;2;13;full;v2=2|odd=3|h=1;v2=6|odd=1|h=2;5;3;2;2048;3;4096
10;32;2;2;13;full;v2=2|odd=3|h=1;v2=6|odd=3|h=2;4;7;4;2048;7;8192
10;32;2;2;13;full;v2=2|odd=3|h=1;v2=7|odd=1|h=2;3;5;4;2048;5;8192
10;32;2;2;13;full;v2=2|odd=3|h=1;v2=7|odd=3|h=2;2;1;1;2048;1;2048
10;32;2;2;13;full;v2=2|odd=3|h=1;v2=8|odd=1|h=2;1;1;4;2048;1;8192
10;32;2;2;13;full;v2=2|odd=3|h=1;v2=8|odd=3|h=2;1;1;2;2048;1;4096
10;32;2;2;13;full;v2=2|odd=3|h=1;v2=9|odd=3|h=2;1;1;2;2048;1;4096
10;32;2;2;13;full;v2=2|odd=3|h=1;v2=12|odd=1|h=2;1;1;2;2048;1;4096
10;32;2;2;13;full;v2=2|odd=3|h=2;v2=0|odd=1|h=3;283;3439;32;2048;3439;65536
10;32;2;2;13;full;v2=2|odd=3|h=2;v2=0|odd=3|h=3;277;6709;64;2048;6709;131072
10;32;2;2;13;full;v2=2|odd=3|h=2;v2=1|odd=1|h=3;145;1737;32;2048;1737;65536
10;32;2;2;13;full;v2=2|odd=3|h=2;v2=1|odd=3|h=3;142;1721;32;2048;1721;65536
10;32;2;2;13;full;v2=2|odd=3|h=2;v2=2|odd=1|h=3;71;437;16;2048;437;32768
10;32;2;2;13;full;v2=2|odd=3|h=2;v2=2|odd=3|h=3;71;429;16;2048;429;32768
10;32;2;2;13;full;v2=2|odd=3|h=2;v2=3|odd=1|h=3;35;197;16;2048;197;32768
10;32;2;2;13;full;v2=2|odd=3|h=2;v2=3|odd=3|h=3;35;109;8;2048;109;16384
10;32;2;2;13;full;v2=2|odd=3|h=2;v2=4|odd=1|h=3;18;55;8;2048;55;16384
10;32;2;2;13;full;v2=2|odd=3|h=2;v2=4|odd=3|h=3;19;61;8;2048;61;16384
10;32;2;2;13;full;v2=2|odd=3|h=2;v2=5|odd=1|h=3;8;13;4;2048;13;8192
10;32;2;2;13;full;v2=2|odd=3|h=2;v2=5|odd=3|h=3;9;3;1;2048;3;2048
10;32;2;2;13;full;v2=2|odd=3|h=2;v2=6|odd=1|h=3;5;3;2;2048;3;4096
10;32;2;2;13;full;v2=2|odd=3|h=2;v2=6|odd=3|h=3;4;7;4;2048;7;8192
10;32;2;2;13;full;v2=2|odd=3|h=2;v2=7|odd=1|h=3;3;5;4;2048;5;8192
10;32;2;2;13;full;v2=2|odd=3|h=2;v2=7|odd=3|h=3;2;1;1;2048;1;2048
10;32;2;2;13;full;v2=2|odd=3|h=2;v2=8|odd=1|h=3;1;1;4;2048;1;8192
10;32;2;2;13;full;v2=2|odd=3|h=2;v2=8|odd=3|h=3;1;1;2;2048;1;4096
10;32;2;2;13;full;v2=2|odd=3|h=2;v2=9|odd=3|h=3;1;1;2;2048;1;4096
10;32;2;2;13;full;v2=2|odd=3|h=2;v2=12|odd=1|h=3;1;1;2;2048;1;4096
10;32;2;2;13;full;v2=2|odd=3|h=3;v2=0|odd=1|h=0;283;3439;32;2048;3439;65536
10;32;2;2;13;full;v2=2|odd=3|h=3;v2=0|odd=3|h=0;277;6709;64;2048;6709;131072
10;32;2;2;13;full;v2=2|odd=3|h=3;v2=1|odd=1|h=0;145;1737;32;2048;1737;65536
10;32;2;2;13;full;v2=2|odd=3|h=3;v2=1|odd=3|h=0;142;1721;32;2048;1721;65536
10;32;2;2;13;full;v2=2|odd=3|h=3;v2=2|odd=1|h=0;71;437;16;2048;437;32768
10;32;2;2;13;full;v2=2|odd=3|h=3;v2=2|odd=3|h=0;71;429;16;2048;429;32768
10;32;2;2;13;full;v2=2|odd=3|h=3;v2=3|odd=1|h=0;35;197;16;2048;197;32768
10;32;2;2;13;full;v2=2|odd=3|h=3;v2=3|odd=3|h=0;35;109;8;2048;109;16384
10;32;2;2;13;full;v2=2|odd=3|h=3;v2=4|odd=1|h=0;18;55;8;2048;55;16384
10;32;2;2;13;full;v2=2|odd=3|h=3;v2=4|odd=3|h=0;19;61;8;2048;61;16384
10;32;2;2;13;full;v2=2|odd=3|h=3;v2=5|odd=1|h=0;8;13;4;2048;13;8192
10;32;2;2;13;full;v2=2|odd=3|h=3;v2=5|odd=3|h=0;9;3;1;2048;3;2048
10;32;2;2;13;full;v2=2|odd=3|h=3;v2=6|odd=1|h=0;5;3;2;2048;3;4096
10;32;2;2;13;full;v2=2|odd=3|h=3;v2=6|odd=3|h=0;4;7;4;2048;7;8192
10;32;2;2;13;full;v2=2|odd=3|h=3;v2=7|odd=1|h=0;3;5;4;2048;5;8192
10;32;2;2;13;full;v2=2|odd=3|h=3;v2=7|odd=3|h=0;2;1;1;2048;1;2048
10;32;2;2;13;full;v2=2|odd=3|h=3;v2=8|odd=1|h=0;1;1;4;2048;1;8192
10;32;2;2;13;full;v2=2|odd=3|h=3;v2=8|odd=3|h=0;1;1;2;2048;1;4096
10;32;2;2;13;full;v2=2|odd=3|h=3;v2=9|odd=3|h=0;1;1;2;2048;1;4096
10;32;2;2;13;full;v2=2|odd=3|h=3;v2=12|odd=1|h=0;1;1;2;2048;1;4096
10;32;2;2;13;full;v2=3|odd=1|h=0;v2=0|odd=1|h=1;23;101;16;1024;101;16384
10;32;2;2;13;full;v2=3|odd=1|h=0;v2=0|odd=3|h=1;21;357;64;1024;357;65536
10;32;2;2;13;full;v2=3|odd=1|h=0;v2=1|odd=1|h=1;9;87;32;1024;87;32768
10;32;2;2;13;full;v2=3|odd=1|h=0;v2=1|odd=3|h=1;10;533;256;1024;533;262144
10;32;2;2;13;full;v2=3|odd=1|h=0;v2=2|odd=1|h=1;3;3;4;1024;3;4096
10;32;2;2;13;full;v2=3|odd=1|h=0;v2=2|odd=3|h=1;7;97;64;1024;97;65536
10;32;2;2;13;full;v2=3|odd=1|h=0;v2=3|odd=1|h=1;3;9;16;1024;9;16384
10;32;2;2;13;full;v2=3|odd=1|h=0;v2=3|odd=3|h=1;2;5;8;1024;5;8192
10;32;2;2;13;full;v2=3|odd=1|h=0;v2=4|odd=1|h=1;1;1;8;1024;1;8192
10;32;2;2;13;full;v2=3|odd=1|h=0;v2=4|odd=3|h=1;1;1;4;1024;1;4096
10;32;2;2;13;full;v2=3|odd=1|h=0;v2=5|odd=3|h=1;3;3;4;1024;3;4096
10;32;2;2;13;full;v2=3|odd=1|h=1;v2=0|odd=1|h=2;23;101;16;1024;101;16384
10;32;2;2;13;full;v2=3|odd=1|h=1;v2=0|odd=3|h=2;21;357;64;1024;357;65536
10;32;2;2;13;full;v2=3|odd=1|h=1;v2=1|odd=1|h=2;9;87;32;1024;87;32768
10;32;2;2;13;full;v2=3|odd=1|h=1;v2=1|odd=3|h=2;10;533;256;1024;533;262144
10;32;2;2;13;full;v2=3|odd=1|h=1;v2=2|odd=1|h=2;3;3;4;1024;3;4096
10;32;2;2;13;full;v2=3|odd=1|h=1;v2=2|odd=3|h=2;7;97;64;1024;97;65536
10;32;2;2;13;full;v2=3|odd=1|h=1;v2=3|odd=1|h=2;3;9;16;1024;9;16384
10;32;2;2;13;full;v2=3|odd=1|h=1;v2=3|odd=3|h=2;2;5;8;1024;5;8192
10;32;2;2;13;full;v2=3|odd=1|h=1;v2=4|odd=1|h=2;1;1;8;1024;1;8192
10;32;2;2;13;full;v2=3|odd=1|h=1;v2=4|odd=3|h=2;1;1;4;1024;1;4096
10;32;2;2;13;full;v2=3|odd=1|h=1;v2=5|odd=3|h=2;3;3;4;1024;3;4096
10;32;2;2;13;full;v2=3|odd=1|h=2;v2=0|odd=1|h=3;23;101;16;1024;101;16384
10;32;2;2;13;full;v2=3|odd=1|h=2;v2=0|odd=3|h=3;21;357;64;1024;357;65536
10;32;2;2;13;full;v2=3|odd=1|h=2;v2=1|odd=1|h=3;9;87;32;1024;87;32768
10;32;2;2;13;full;v2=3|odd=1|h=2;v2=1|odd=3|h=3;10;533;256;1024;533;262144
10;32;2;2;13;full;v2=3|odd=1|h=2;v2=2|odd=1|h=3;3;3;4;1024;3;4096
10;32;2;2;13;full;v2=3|odd=1|h=2;v2=2|odd=3|h=3;7;97;64;1024;97;65536
10;32;2;2;13;full;v2=3|odd=1|h=2;v2=3|odd=1|h=3;3;9;16;1024;9;16384
10;32;2;2;13;full;v2=3|odd=1|h=2;v2=3|odd=3|h=3;2;5;8;1024;5;8192
10;32;2;2;13;full;v2=3|odd=1|h=2;v2=4|odd=1|h=3;1;1;8;1024;1;8192
10;32;2;2;13;full;v2=3|odd=1|h=2;v2=4|odd=3|h=3;1;1;4;1024;1;4096
10;32;2;2;13;full;v2=3|odd=1|h=2;v2=5|odd=3|h=3;3;3;4;1024;3;4096
10;32;2;2;13;full;v2=3|odd=1|h=3;v2=0|odd=1|h=0;23;101;16;1024;101;16384
10;32;2;2;13;full;v2=3|odd=1|h=3;v2=0|odd=3|h=0;21;357;64;1024;357;65536
10;32;2;2;13;full;v2=3|odd=1|h=3;v2=1|odd=1|h=0;9;87;32;1024;87;32768
10;32;2;2;13;full;v2=3|odd=1|h=3;v2=1|odd=3|h=0;10;533;256;1024;533;262144
10;32;2;2;13;full;v2=3|odd=1|h=3;v2=2|odd=1|h=0;3;3;4;1024;3;4096
10;32;2;2;13;full;v2=3|odd=1|h=3;v2=2|odd=3|h=0;7;97;64;1024;97;65536
10;32;2;2;13;full;v2=3|odd=1|h=3;v2=3|odd=1|h=0;3;9;16;1024;9;16384
10;32;2;2;13;full;v2=3|odd=1|h=3;v2=3|odd=3|h=0;2;5;8;1024;5;8192
10;32;2;2;13;full;v2=3|odd=1|h=3;v2=4|odd=1|h=0;1;1;8;1024;1;8192
10;32;2;2;13;full;v2=3|odd=1|h=3;v2=4|odd=3|h=0;1;1;4;1024;1;4096
10;32;2;2;13;full;v2=3|odd=1|h=3;v2=5|odd=3|h=0;3;3;4;1024;3;4096
10;32;2;2;13;full;v2=3|odd=3|h=0;v2=0|odd=1|h=1;6;57;16;1024;57;16384
10;32;2;2;13;full;v2=3|odd=3|h=0;v2=0|odd=3|h=1;10;51;16;1024;51;16384
10;32;2;2;13;full;v2=3|odd=3|h=0;v2=1|odd=1|h=1;2;5;4;1024;5;4096
10;32;2;2;13;full;v2=3|odd=3|h=0;v2=1|odd=3|h=1;8;3;1;1024;3;1024
10;32;2;2;13;full;v2=3|odd=3|h=0;v2=2|odd=1|h=1;1;1;4;1024;1;4096
10;32;2;2;13;full;v2=3|odd=3|h=0;v2=2|odd=3|h=1;2;3;2;1024;3;2048
10;32;2;2;13;full;v2=3|odd=3|h=0;v2=3|odd=1|h=1;2;3;8;1024;3;8192
10;32;2;2;13;full;v2=3|odd=3|h=0;v2=3|odd=3|h=1;1;1;2;1024;1;2048
10;32;2;2;13;full;v2=3|odd=3|h=0;v2=7|odd=1|h=1;1;1;4;1024;1;4096
10;32;2;2;13;full;v2=3|odd=3|h=1;v2=0|odd=1|h=2;6;57;16;1024;57;16384
10;32;2;2;13;full;v2=3|odd=3|h=1;v2=0|odd=3|h=2;10;51;16;1024;51;16384
10;32;2;2;13;full;v2=3|odd=3|h=1;v2=1|odd=1|h=2;2;5;4;1024;5;4096
10;32;2;2;13;full;v2=3|odd=3|h=1;v2=1|odd=3|h=2;8;3;1;1024;3;1024
10;32;2;2;13;full;v2=3|odd=3|h=1;v2=2|odd=1|h=2;1;1;4;1024;1;4096
10;32;2;2;13;full;v2=3|odd=3|h=1;v2=2|odd=3|h=2;2;3;2;1024;3;2048
10;32;2;2;13;full;v2=3|odd=3|h=1;v2=3|odd=1|h=2;2;3;8;1024;3;8192
10;32;2;2;13;full;v2=3|odd=3|h=1;v2=3|odd=3|h=2;1;1;2;1024;1;2048
10;32;2;2;13;full;v2=3|odd=3|h=1;v2=7|odd=1|h=2;1;1;4;1024;1;4096
10;32;2;2;13;full;v2=3|odd=3|h=2;v2=0|odd=1|h=3;6;57;16;1024;57;16384
10;32;2;2;13;full;v2=3|odd=3|h=2;v2=0|odd=3|h=3;10;51;16;1024;51;16384
10;32;2;2;13;full;v2=3|odd=3|h=2;v2=1|odd=1|h=3;2;5;4;1024;5;4096
10;32;2;2;13;full;v2=3|odd=3|h=2;v2=1|odd=3|h=3;8;3;1;1024;3;1024
10;32;2;2;13;full;v2=3|odd=3|h=2;v2=2|odd=1|h=3;1;1;4;1024;1;4096
10;32;2;2;13;full;v2=3|odd=3|h=2;v2=2|odd=3|h=3;2;3;2;1024;3;2048
10;32;2;2;13;full;v2=3|odd=3|h=2;v2=3|odd=1|h=3;2;3;8;1024;3;8192
10;32;2;2;13;full;v2=3|odd=3|h=2;v2=3|odd=3|h=3;1;1;2;1024;1;2048
10;32;2;2;13;full;v2=3|odd=3|h=2;v2=7|odd=1|h=3;1;1;4;1024;1;4096
10;32;2;2;13;full;v2=3|odd=3|h=3;v2=0|odd=1|h=0;6;57;16;1024;57;16384
10;32;2;2;13;full;v2=3|odd=3|h=3;v2=0|odd=3|h=0;10;51;16;1024;51;16384
10;32;2;2;13;full;v2=3|odd=3|h=3;v2=1|odd=1|h=0;2;5;4;1024;5;4096
10;32;2;2;13;full;v2=3|odd=3|h=3;v2=1|odd=3|h=0;8;3;1;1024;3;1024
10;32;2;2;13;full;v2=3|odd=3|h=3;v2=2|odd=1|h=0;1;1;4;1024;1;4096
10;32;2;2;13;full;v2=3|odd=3|h=3;v2=2|odd=3|h=0;2;3;2;1024;3;2048
10;32;2;2;13;full;v2=3|odd=3|h=3;v2=3|odd=1|h=0;2;3;8;1024;3;8192
10;32;2;2;13;full;v2=3|odd=3|h=3;v2=3|odd=3|h=0;1;1;2;1024;1;2048
10;32;2;2;13;full;v2=3|odd=3|h=3;v2=7|odd=1|h=0;1;1;4;1024;1;4096
10;32;2;2;13;full;v2=5|odd=1|h=0;v2=0|odd=1|h=1;3;9;4;256;9;1024
10;32;2;2;13;full;v2=5|odd=1|h=0;v2=0|odd=3|h=1;1;1;2;256;1;512
10;32;2;2;13;full;v2=5|odd=1|h=0;v2=1|odd=1|h=1;3;33;16;256;33;4096
10;32;2;2;13;full;v2=5|odd=1|h=0;v2=1|odd=3|h=1;1;1;4;256;1;1024
10;32;2;2;13;full;v2=5|odd=1|h=1;v2=0|odd=1|h=2;3;9;4;256;9;1024
10;32;2;2;13;full;v2=5|odd=1|h=1;v2=0|odd=3|h=2;1;1;2;256;1;512
10;32;2;2;13;full;v2=5|odd=1|h=1;v2=1|odd=1|h=2;3;33;16;256;33;4096
10;32;2;2;13;full;v2=5|odd=1|h=1;v2=1|odd=3|h=2;1;1;4;256;1;1024
10;32;2;2;13;full;v2=5|odd=1|h=2;v2=0|odd=1|h=3;3;9;4;256;9;1024
10;32;2;2;13;full;v2=5|odd=1|h=2;v2=0|odd=3|h=3;1;1;2;256;1;512
10;32;2;2;13;full;v2=5|odd=1|h=2;v2=1|odd=1|h=3;3;33;16;256;33;4096
10;32;2;2;13;full;v2=5|odd=1|h=2;v2=1|odd=3|h=3;1;1;4;256;1;1024
10;32;2;2;13;full;v2=5|odd=1|h=3;v2=0|odd=1|h=0;3;9;4;256;9;1024
10;32;2;2;13;full;v2=5|odd=1|h=3;v2=0|odd=3|h=0;1;1;2;256;1;512
10;32;2;2;13;full;v2=5|odd=1|h=3;v2=1|odd=1|h=0;3;33;16;256;33;4096
10;32;2;2;13;full;v2=5|odd=1|h=3;v2=1|odd=3|h=0;1;1;4;256;1;1024
10;32;2;2;13;full;v2=6|odd=1|h=0;v2=0|odd=3|h=1;4;7;4;128;7;512
10;32;2;2;13;full;v2=6|odd=1|h=0;v2=1|odd=3|h=1;1;1;2;128;1;256
10;32;2;2;13;full;v2=6|odd=1|h=0;v2=3|odd=3|h=1;1;1;2;128;1;256
10;32;2;2;13;full;v2=6|odd=1|h=1;v2=0|odd=3|h=2;4;7;4;128;7;512
10;32;2;2;13;full;v2=6|odd=1|h=1;v2=1|odd=3|h=2;1;1;2;128;1;256
10;32;2;2;13;full;v2=6|odd=1|h=1;v2=3|odd=3|h=2;1;1;2;128;1;256
10;32;2;2;13;full;v2=6|odd=1|h=2;v2=0|odd=3|h=3;4;7;4;128;7;512
10;32;2;2;13;full;v2=6|odd=1|h=2;v2=1|odd=3|h=3;1;1;2;128;1;256
10;32;2;2;13;full;v2=6|odd=1|h=2;v2=3|odd=3|h=3;1;1;2;128;1;256
10;32;2;2;13;full;v2=6|odd=1|h=3;v2=0|odd=3|h=0;4;7;4;128;7;512
10;32;2;2;13;full;v2=6|odd=1|h=3;v2=1|odd=3|h=0;1;1;2;128;1;256
10;32;2;2;13;full;v2=6|odd=1|h=3;v2=3|odd=3|h=0;1;1;2;128;1;256
10;32;2;2;13;full;v2=7|odd=1|h=0;v2=0|odd=1|h=1;1;1;2;64;1;128
10;32;2;2;13;full;v2=7|odd=1|h=0;v2=0|odd=3|h=1;2;5;16;64;5;1024
10;32;2;2;13;full;v2=7|odd=1|h=0;v2=1|odd=1|h=1;2;1;1;64;1;64
10;32;2;2;13;full;v2=7|odd=1|h=0;v2=3|odd=1|h=1;1;1;2;64;1;128
10;32;2;2;13;full;v2=7|odd=1|h=1;v2=0|odd=1|h=2;1;1;2;64;1;128
10;32;2;2;13;full;v2=7|odd=1|h=1;v2=0|odd=3|h=2;2;5;16;64;5;1024
10;32;2;2;13;full;v2=7|odd=1|h=1;v2=1|odd=1|h=2;2;1;1;64;1;64
10;32;2;2;13;full;v2=7|odd=1|h=1;v2=3|odd=1|h=2;1;1;2;64;1;128
10;32;2;2;13;full;v2=7|odd=1|h=2;v2=0|odd=1|h=3;1;1;2;64;1;128
10;32;2;2;13;full;v2=7|odd=1|h=2;v2=0|odd=3|h=3;2;5;16;64;5;1024
10;32;2;2;13;full;v2=7|odd=1|h=2;v2=1|odd=1|h=3;2;1;1;64;1;64
10;32;2;2;13;full;v2=7|odd=1|h=2;v2=3|odd=1|h=3;1;1;2;64;1;128
10;32;2;2;13;full;v2=7|odd=1|h=3;v2=0|odd=1|h=0;1;1;2;64;1;128
10;32;2;2;13;full;v2=7|odd=1|h=3;v2=0|odd=3|h=0;2;5;16;64;5;1024
10;32;2;2;13;full;v2=7|odd=1|h=3;v2=1|odd=1|h=0;2;1;1;64;1;64
10;32;2;2;13;full;v2=7|odd=1|h=3;v2=3|odd=1|h=0;1;1;2;64;1;128
10;32;2;2;13;full;v2=7|odd=3|h=0;v2=0|odd=1|h=1;1;1;64;64;1;4096
10;32;2;2;13;full;v2=7|odd=3|h=0;v2=0|odd=3|h=1;3;13;16;64;13;1024
10;32;2;2;13;full;v2=7|odd=3|h=0;v2=1|odd=1|h=1;1;1;8;64;1;512
10;32;2;2;13;full;v2=7|odd=3|h=0;v2=1|odd=3|h=1;1;1;4;64;1;256
10;32;2;2;13;full;v2=7|odd=3|h=0;v2=2|odd=1|h=1;1;1;4;64;1;256
10;32;2;2;13;full;v2=7|odd=3|h=1;v2=0|odd=1|h=2;1;1;64;64;1;4096
10;32;2;2;13;full;v2=7|odd=3|h=1;v2=0|odd=3|h=2;3;13;16;64;13;1024
10;32;2;2;13;full;v2=7|odd=3|h=1;v2=1|odd=1|h=2;1;1;8;64;1;512
10;32;2;2;13;full;v2=7|odd=3|h=1;v2=1|odd=3|h=2;1;1;4;64;1;256
10;32;2;2;13;full;v2=7|odd=3|h=1;v2=2|odd=1|h=2;1;1;4;64;1;256
10;32;2;2;13;full;v2=7|odd=3|h=2;v2=0|odd=1|h=3;1;1;64;64;1;4096
10;32;2;2;13;full;v2=7|odd=3|h=2;v2=0|odd=3|h=3;3;13;16;64;13;1024
10;32;2;2;13;full;v2=7|odd=3|h=2;v2=1|odd=1|h=3;1;1;8;64;1;512
10;32;2;2;13;full;v2=7|odd=3|h=2;v2=1|odd=3|h=3;1;1;4;64;1;256
10;32;2;2;13;full;v2=7|odd=3|h=2;v2=2|odd=1|h=3;1;1;4;64;1;256
10;32;2;2;13;full;v2=7|odd=3|h=3;v2=0|odd=1|h=0;1;1;64;64;1;4096
10;32;2;2;13;full;v2=7|odd=3|h=3;v2=0|odd=3|h=0;3;13;16;64;13;1024
10;32;2;2;13;full;v2=7|odd=3|h=3;v2=1|odd=1|h=0;1;1;8;64;1;512
10;32;2;2;13;full;v2=7|odd=3|h=3;v2=1|odd=3|h=0;1;1;4;64;1;256
10;32;2;2;13;full;v2=7|odd=3|h=3;v2=2|odd=1|h=0;1;1;4;64;1;256
10;32;2;2;13;full;v2=9|odd=1|h=0;v2=0|odd=3|h=1;2;3;4;16;3;64
10;32;2;2;13;full;v2=9|odd=1|h=1;v2=0|odd=3|h=2;2;3;4;16;3;64
10;32;2;2;13;full;v2=9|odd=1|h=2;v2=0|odd=3|h=3;2;3;4;16;3;64
10;32;2;2;13;full;v2=9|odd=1|h=3;v2=0|odd=3|h=0;2;3;4;16;3;64
10;32;2;2;13;full;v2=10|odd=1|h=0;v2=4|odd=1|h=1;1;1;2;8;1;16
10;32;2;2;13;full;v2=10|odd=1|h=1;v2=4|odd=1|h=2;1;1;2;8;1;16
10;32;2;2;13;full;v2=10|odd=1|h=2;v2=4|odd=1|h=3;1;1;2;8;1;16
10;32;2;2;13;full;v2=10|odd=1|h=3;v2=4|odd=1|h=0;1;1;2;8;1;16
10;32;2;2;13;full;v2=10|odd=3|h=0;v2=0|odd=1|h=1;2;3;2;8;3;16
10;32;2;2;13;full;v2=10|odd=3|h=0;v2=0|odd=3|h=1;2;1;1;8;1;8
10;32;2;2;13;full;v2=10|odd=3|h=0;v2=1|odd=1|h=1;1;1;2;8;1;16
10;32;2;2;13;full;v2=10|odd=3|h=0;v2=1|odd=3|h=1;1;1;2;8;1;16
10;32;2;2;13;full;v2=10|odd=3|h=0;v2=2|odd=3|h=1;1;1;2;8;1;16
10;32;2;2;13;full;v2=10|odd=3|h=0;v2=5|odd=1|h=1;1;1;2;8;1;16
10;32;2;2;13;full;v2=10|odd=3|h=1;v2=0|odd=1|h=2;2;3;2;8;3;16
10;32;2;2;13;full;v2=10|odd=3|h=1;v2=0|odd=3|h=2;2;1;1;8;1;8
10;32;2;2;13;full;v2=10|odd=3|h=1;v2=1|odd=1|h=2;1;1;2;8;1;16
10;32;2;2;13;full;v2=10|odd=3|h=1;v2=1|odd=3|h=2;1;1;2;8;1;16
10;32;2;2;13;full;v2=10|odd=3|h=1;v2=2|odd=3|h=2;1;1;2;8;1;16
10;32;2;2;13;full;v2=10|odd=3|h=1;v2=5|odd=1|h=2;1;1;2;8;1;16
10;32;2;2;13;full;v2=10|odd=3|h=2;v2=0|odd=1|h=3;2;3;2;8;3;16
10;32;2;2;13;full;v2=10|odd=3|h=2;v2=0|odd=3|h=3;2;1;1;8;1;8
10;32;2;2;13;full;v2=10|odd=3|h=2;v2=1|odd=1|h=3;1;1;2;8;1;16
10;32;2;2;13;full;v2=10|odd=3|h=2;v2=1|odd=3|h=3;1;1;2;8;1;16
10;32;2;2;13;full;v2=10|odd=3|h=2;v2=2|odd=3|h=3;1;1;2;8;1;16
10;32;2;2;13;full;v2=10|odd=3|h=2;v2=5|odd=1|h=3;1;1;2;8;1;16
10;32;2;2;13;full;v2=10|odd=3|h=3;v2=0|odd=1|h=0;2;3;2;8;3;16
10;32;2;2;13;full;v2=10|odd=3|h=3;v2=0|odd=3|h=0;2;1;1;8;1;8
10;32;2;2;13;full;v2=10|odd=3|h=3;v2=1|odd=1|h=0;1;1;2;8;1;16
10;32;2;2;13;full;v2=10|odd=3|h=3;v2=1|odd=3|h=0;1;1;2;8;1;16
10;32;2;2;13;full;v2=10|odd=3|h=3;v2=2|odd=3|h=0;1;1;2;8;1;16
10;32;2;2;13;full;v2=10|odd=3|h=3;v2=5|odd=1|h=0;1;1;2;8;1;16
10;32;2;2;13;core;v2=0|odd=1|h=0;v2=0|odd=1|h=1;131;255;8;8192;255;65536
10;32;2;2;13;core;v2=0|odd=1|h=0;v2=0|odd=3|h=1;117;117;4;8192;117;32768
10;32;2;2;13;core;v2=0|odd=1|h=0;v2=1|odd=1|h=1;60;15;1;8192;15;8192
10;32;2;2;13;core;v2=0|odd=1|h=0;v2=1|odd=3|h=1;62;31;2;8192;31;16384
10;32;2;2;13;core;v2=0|odd=1|h=0;v2=2|odd=1|h=1;31;31;4;8192;31;32768
10;32;2;2;13;core;v2=0|odd=1|h=0;v2=2|odd=3|h=1;27;27;4;8192;27;32768
10;32;2;2;13;core;v2=0|odd=1|h=0;v2=3|odd=1|h=1;16;4;1;8192;1;2048
10;32;2;2;13;core;v2=0|odd=1|h=0;v2=4|odd=3|h=1;8;2;1;8192;1;4096
10;32;2;2;13;core;v2=0|odd=1|h=1;v2=0|odd=1|h=2;131;255;8;8192;255;65536
10;32;2;2;13;core;v2=0|odd=1|h=1;v2=0|odd=3|h=2;117;117;4;8192;117;32768
10;32;2;2;13;core;v2=0|odd=1|h=1;v2=1|odd=1|h=2;60;15;1;8192;15;8192
10;32;2;2;13;core;v2=0|odd=1|h=1;v2=1|odd=3|h=2;62;31;2;8192;31;16384
10;32;2;2;13;core;v2=0|odd=1|h=1;v2=2|odd=1|h=2;31;31;4;8192;31;32768
10;32;2;2;13;core;v2=0|odd=1|h=1;v2=2|odd=3|h=2;27;27;4;8192;27;32768
10;32;2;2;13;core;v2=0|odd=1|h=1;v2=3|odd=1|h=2;16;4;1;8192;1;2048
10;32;2;2;13;core;v2=0|odd=1|h=1;v2=4|odd=3|h=2;8;2;1;8192;1;4096
10;32;2;2;13;core;v2=0|odd=1|h=2;v2=0|odd=1|h=3;131;255;8;8192;255;65536
10;32;2;2;13;core;v2=0|odd=1|h=2;v2=0|odd=3|h=3;117;117;4;8192;117;32768
10;32;2;2;13;core;v2=0|odd=1|h=2;v2=1|odd=1|h=3;60;15;1;8192;15;8192
10;32;2;2;13;core;v2=0|odd=1|h=2;v2=1|odd=3|h=3;62;31;2;8192;31;16384
10;32;2;2;13;core;v2=0|odd=1|h=2;v2=2|odd=1|h=3;31;31;4;8192;31;32768
10;32;2;2;13;core;v2=0|odd=1|h=2;v2=2|odd=3|h=3;27;27;4;8192;27;32768
10;32;2;2;13;core;v2=0|odd=1|h=2;v2=3|odd=1|h=3;16;4;1;8192;1;2048
10;32;2;2;13;core;v2=0|odd=1|h=2;v2=4|odd=3|h=3;8;2;1;8192;1;4096
10;32;2;2;13;core;v2=0|odd=1|h=3;v2=0|odd=1|h=0;131;255;8;8192;255;65536
10;32;2;2;13;core;v2=0|odd=1|h=3;v2=0|odd=3|h=0;117;117;4;8192;117;32768
10;32;2;2;13;core;v2=0|odd=1|h=3;v2=1|odd=1|h=0;60;15;1;8192;15;8192
10;32;2;2;13;core;v2=0|odd=1|h=3;v2=1|odd=3|h=0;62;31;2;8192;31;16384
10;32;2;2;13;core;v2=0|odd=1|h=3;v2=2|odd=1|h=0;31;31;4;8192;31;32768
10;32;2;2;13;core;v2=0|odd=1|h=3;v2=2|odd=3|h=0;27;27;4;8192;27;32768
10;32;2;2;13;core;v2=0|odd=1|h=3;v2=3|odd=1|h=0;16;4;1;8192;1;2048
10;32;2;2;13;core;v2=0|odd=1|h=3;v2=4|odd=3|h=0;8;2;1;8192;1;4096
10;32;2;2;13;core;v2=0|odd=3|h=0;v2=0|odd=1|h=1;78;9;1;8192;9;8192
10;32;2;2;13;core;v2=0|odd=3|h=0;v2=0|odd=3|h=1;67;253;32;8192;253;262144
10;32;2;2;13;core;v2=0|odd=3|h=0;v2=1|odd=1|h=1;22;11;4;8192;11;32768
10;32;2;2;13;core;v2=0|odd=3|h=0;v2=1|odd=3|h=1;40;73;16;8192;73;131072
10;32;2;2;13;core;v2=0|odd=3|h=0;v2=2|odd=1|h=1;8;1;1;8192;1;8192
10;32;2;2;13;core;v2=0|odd=3|h=0;v2=2|odd=3|h=1;9;9;4;8192;9;32768
10;32;2;2;13;core;v2=0|odd=3|h=0;v2=3|odd=1|h=1;7;7;8;8192;7;65536
10;32;2;2;13;core;v2=0|odd=3|h=1;v2=0|odd=1|h=2;78;9;1;8192;9;8192
10;32;2;2;13;core;v2=0|odd=3|h=1;v2=0|odd=3|h=2;67;253;32;8192;253;262144
10;32;2;2;13;core;v2=0|odd=3|h=1;v2=1|odd=1|h=2;22;11;4;8192;11;32768
10;32;2;2;13;core;v2=0|odd=3|h=1;v2=1|odd=3|h=2;40;73;16;8192;73;131072
10;32;2;2;13;core;v2=0|odd=3|h=1;v2=2|odd=1|h=2;8;1;1;8192;1;8192
10;32;2;2;13;core;v2=0|odd=3|h=1;v2=2|odd=3|h=2;9;9;4;8192;9;32768
10;32;2;2;13;core;v2=0|odd=3|h=1;v2=3|odd=1|h=2;7;7;8;8192;7;65536
10;32;2;2;13;core;v2=0|odd=3|h=2;v2=0|odd=1|h=3;78;9;1;8192;9;8192
10;32;2;2;13;core;v2=0|odd=3|h=2;v2=0|odd=3|h=3;67;253;32;8192;253;262144
10;32;2;2;13;core;v2=0|odd=3|h=2;v2=1|odd=1|h=3;22;11;4;8192;11;32768
10;32;2;2;13;core;v2=0|odd=3|h=2;v2=1|odd=3|h=3;40;73;16;8192;73;131072
10;32;2;2;13;core;v2=0|odd=3|h=2;v2=2|odd=1|h=3;8;1;1;8192;1;8192
10;32;2;2;13;core;v2=0|odd=3|h=2;v2=2|odd=3|h=3;9;9;4;8192;9;32768
10;32;2;2;13;core;v2=0|odd=3|h=2;v2=3|odd=1|h=3;7;7;8;8192;7;65536
10;32;2;2;13;core;v2=0|odd=3|h=3;v2=0|odd=1|h=0;78;9;1;8192;9;8192
10;32;2;2;13;core;v2=0|odd=3|h=3;v2=0|odd=3|h=0;67;253;32;8192;253;262144
10;32;2;2;13;core;v2=0|odd=3|h=3;v2=1|odd=1|h=0;22;11;4;8192;11;32768
10;32;2;2;13;core;v2=0|odd=3|h=3;v2=1|odd=3|h=0;40;73;16;8192;73;131072
10;32;2;2;13;core;v2=0|odd=3|h=3;v2=2|odd=1|h=0;8;1;1;8192;1;8192
10;32;2;2;13;core;v2=0|odd=3|h=3;v2=2|odd=3|h=0;9;9;4;8192;9;32768
10;32;2;2;13;core;v2=0|odd=3|h=3;v2=3|odd=1|h=0;7;7;8;8192;7;65536
10;32;2;2;13;core;v2=1|odd=3|h=0;v2=0|odd=3|h=1;8;4;1;4096;1;1024
10;32;2;2;13;core;v2=1|odd=3|h=1;v2=0|odd=3|h=2;8;4;1;4096;1;1024
10;32;2;2;13;core;v2=1|odd=3|h=2;v2=0|odd=3|h=3;8;4;1;4096;1;1024
10;32;2;2;13;core;v2=1|odd=3|h=3;v2=0|odd=3|h=0;8;4;1;4096;1;1024
10;32;2;2;13;core;v2=2|odd=3|h=0;v2=0|odd=1|h=1;161;69;1;2048;69;2048
10;32;2;2;13;core;v2=2|odd=3|h=0;v2=0|odd=3|h=1;148;70;1;2048;35;1024
10;32;2;2;13;core;v2=2|odd=3|h=0;v2=1|odd=1|h=1;74;33;1;2048;33;2048
10;32;2;2;13;core;v2=2|odd=3|h=0;v2=1|odd=3|h=1;79;67;2;2048;67;4096
10;32;2;2;13;core;v2=2|odd=3|h=0;v2=2|odd=1|h=1;38;19;1;2048;19;2048
10;32;2;2;13;core;v2=2|odd=3|h=0;v2=2|odd=3|h=1;34;13;1;2048;13;2048
10;32;2;2;13;core;v2=2|odd=3|h=0;v2=3|odd=1|h=1;16;4;1;2048;1;512
10;32;2;2;13;core;v2=2|odd=3|h=0;v2=3|odd=3|h=1;20;10;1;2048;5;1024
10;32;2;2;13;core;v2=2|odd=3|h=0;v2=4|odd=3|h=1;12;6;1;2048;3;1024
10;32;2;2;13;core;v2=2|odd=3|h=0;v2=5|odd=1|h=1;5;5;2;2048;5;4096
10;32;2;2;13;core;v2=2|odd=3|h=1;v2=0|odd=1|h=2;161;69;1;2048;69;2048
10;32;2;2;13;core;v2=2|odd=3|h=1;v2=0|odd=3|h=2;148;70;1;2048;35;1024
10;32;2;2;13;core;v2=2|odd=3|h=1;v2=1|odd=1|h=2;74;33;1;2048;33;2048
10;32;2;2;13;core;v2=2|odd=3|h=1;v2=1|odd=3|h=2;79;67;2;2048;67;4096
10;32;2;2;13;core;v2=2|odd=3|h=1;v2=2|odd=1|h=2;38;19;1;2048;19;2048
10;32;2;2;13;core;v2=2|odd=3|h=1;v2=2|odd=3|h=2;34;13;1;2048;13;2048
10;32;2;2;13;core;v2=2|odd=3|h=1;v2=3|odd=1|h=2;16;4;1;2048;1;512
10;32;2;2;13;core;v2=2|odd=3|h=1;v2=3|odd=3|h=2;20;10;1;2048;5;1024
10;32;2;2;13;core;v2=2|odd=3|h=1;v2=4|odd=3|h=2;12;6;1;2048;3;1024
10;32;2;2;13;core;v2=2|odd=3|h=1;v2=5|odd=1|h=2;5;5;2;2048;5;4096
10;32;2;2;13;core;v2=2|odd=3|h=2;v2=0|odd=1|h=3;161;69;1;2048;69;2048
10;32;2;2;13;core;v2=2|odd=3|h=2;v2=0|odd=3|h=3;148;70;1;2048;35;1024
10;32;2;2;13;core;v2=2|odd=3|h=2;v2=1|odd=1|h=3;74;33;1;2048;33;2048
10;32;2;2;13;core;v2=2|odd=3|h=2;v2=1|odd=3|h=3;79;67;2;2048;67;4096
10;32;2;2;13;core;v2=2|odd=3|h=2;v2=2|odd=1|h=3;38;19;1;2048;19;2048
10;32;2;2;13;core;v2=2|odd=3|h=2;v2=2|odd=3|h=3;34;13;1;2048;13;2048
10;32;2;2;13;core;v2=2|odd=3|h=2;v2=3|odd=1|h=3;16;4;1;2048;1;512
10;32;2;2;13;core;v2=2|odd=3|h=2;v2=3|odd=3|h=3;20;10;1;2048;5;1024
10;32;2;2;13;core;v2=2|odd=3|h=2;v2=4|odd=3|h=3;12;6;1;2048;3;1024
10;32;2;2;13;core;v2=2|odd=3|h=2;v2=5|odd=1|h=3;5;5;2;2048;5;4096
10;32;2;2;13;core;v2=2|odd=3|h=3;v2=0|odd=1|h=0;161;69;1;2048;69;2048
10;32;2;2;13;core;v2=2|odd=3|h=3;v2=0|odd=3|h=0;148;70;1;2048;35;1024
10;32;2;2;13;core;v2=2|odd=3|h=3;v2=1|odd=1|h=0;74;33;1;2048;33;2048
10;32;2;2;13;core;v2=2|odd=3|h=3;v2=1|odd=3|h=0;79;67;2;2048;67;4096
10;32;2;2;13;core;v2=2|odd=3|h=3;v2=2|odd=1|h=0;38;19;1;2048;19;2048
10;32;2;2;13;core;v2=2|odd=3|h=3;v2=2|odd=3|h=0;34;13;1;2048;13;2048
10;32;2;2;13;core;v2=2|odd=3|h=3;v2=3|odd=1|h=0;16;4;1;2048;1;512
10;32;2;2;13;core;v2=2|odd=3|h=3;v2=3|odd=3|h=0;20;10;1;2048;5;1024
10;32;2;2;13;core;v2=2|odd=3|h=3;v2=4|odd=3|h=0;12;6;1;2048;3;1024
10;32;2;2;13;core;v2=2|odd=3|h=3;v2=5|odd=1|h=0;5;5;2;2048;5;4096
10;32;2;2;13;tail;v2=0|odd=1|h=0;v2=0|odd=1|h=1;80;1633;64;8192;1633;524288
10;32;2;2;13;tail;v2=0|odd=1|h=0;v2=0|odd=3|h=1;83;2901;128;8192;2901;1048576
10;32;2;2;13;tail;v2=0|odd=1|h=0;v2=1|odd=1|h=1;50;1161;64;8192;1161;524288
10;32;2;2;13;tail;v2=0|odd=1|h=0;v2=1|odd=3|h=1;48;401;32;8192;401;262144
10;32;2;2;13;tail;v2=0|odd=1|h=0;v2=2|odd=1|h=1;24;189;32;8192;189;262144
10;32;2;2;13;tail;v2=0|odd=1|h=0;v2=2|odd=3|h=1;29;643;64;8192;643;524288
10;32;2;2;13;tail;v2=0|odd=1|h=0;v2=3|odd=1|h=1;8;17;8;8192;17;65536
10;32;2;2;13;tail;v2=0|odd=1|h=0;v2=3|odd=3|h=1;32;601;64;8192;601;524288
10;32;2;2;13;tail;v2=0|odd=1|h=0;v2=4|odd=1|h=1;10;27;8;8192;27;65536
10;32;2;2;13;tail;v2=0|odd=1|h=0;v2=4|odd=3|h=1;8;21;8;8192;21;65536
10;32;2;2;13;tail;v2=0|odd=1|h=0;v2=5|odd=1|h=1;6;11;8;8192;11;65536
10;32;2;2;13;tail;v2=0|odd=1|h=0;v2=5|odd=3|h=1;5;3;2;8192;3;16384
10;32;2;2;13;tail;v2=0|odd=1|h=0;v2=6|odd=1|h=1;4;11;16;8192;11;131072
10;32;2;2;13;tail;v2=0|odd=1|h=0;v2=6|odd=3|h=1;3;3;2;8192;3;16384
10;32;2;2;13;tail;v2=0|odd=1|h=0;v2=7|odd=1|h=1;1;1;4;8192;1;32768
10;32;2;2;13;tail;v2=0|odd=1|h=0;v2=7|odd=3|h=1;2;3;8;8192;3;65536
10;32;2;2;13;tail;v2=0|odd=1|h=0;v2=8|odd=3|h=1;1;1;4;8192;1;32768
10;32;2;2;13;tail;v2=0|odd=1|h=0;v2=11|odd=3|h=1;1;1;4;8192;1;32768
10;32;2;2;13;tail;v2=0|odd=1|h=0;v2=13|odd=3|h=1;1;1;8;8192;1;65536
10;32;2;2;13;tail;v2=0|odd=1|h=1;v2=0|odd=1|h=2;80;1633;64;8192;1633;524288
10;32;2;2;13;tail;v2=0|odd=1|h=1;v2=0|odd=3|h=2;83;2901;128;8192;2901;1048576
10;32;2;2;13;tail;v2=0|odd=1|h=1;v2=1|odd=1|h=2;50;1161;64;8192;1161;524288
10;32;2;2;13;tail;v2=0|odd=1|h=1;v2=1|odd=3|h=2;48;401;32;8192;401;262144
10;32;2;2;13;tail;v2=0|odd=1|h=1;v2=2|odd=1|h=2;24;189;32;8192;189;262144
10;32;2;2;13;tail;v2=0|odd=1|h=1;v2=2|odd=3|h=2;29;643;64;8192;643;524288
10;32;2;2;13;tail;v2=0|odd=1|h=1;v2=3|odd=1|h=2;8;17;8;8192;17;65536
10;32;2;2;13;tail;v2=0|odd=1|h=1;v2=3|odd=3|h=2;32;601;64;8192;601;524288
10;32;2;2;13;tail;v2=0|odd=1|h=1;v2=4|odd=1|h=2;10;27;8;8192;27;65536
10;32;2;2;13;tail;v2=0|odd=1|h=1;v2=4|odd=3|h=2;8;21;8;8192;21;65536
10;32;2;2;13;tail;v2=0|odd=1|h=1;v2=5|odd=1|h=2;6;11;8;8192;11;65536
10;32;2;2;13;tail;v2=0|odd=1|h=1;v2=5|odd=3|h=2;5;3;2;8192;3;16384
10;32;2;2;13;tail;v2=0|odd=1|h=1;v2=6|odd=1|h=2;4;11;16;8192;11;131072
10;32;2;2;13;tail;v2=0|odd=1|h=1;v2=6|odd=3|h=2;3;3;2;8192;3;16384
10;32;2;2;13;tail;v2=0|odd=1|h=1;v2=7|odd=1|h=2;1;1;4;8192;1;32768
10;32;2;2;13;tail;v2=0|odd=1|h=1;v2=7|odd=3|h=2;2;3;8;8192;3;65536
10;32;2;2;13;tail;v2=0|odd=1|h=1;v2=8|odd=3|h=2;1;1;4;8192;1;32768
10;32;2;2;13;tail;v2=0|odd=1|h=1;v2=11|odd=3|h=2;1;1;4;8192;1;32768
10;32;2;2;13;tail;v2=0|odd=1|h=1;v2=13|odd=3|h=2;1;1;8;8192;1;65536
10;32;2;2;13;tail;v2=0|odd=1|h=2;v2=0|odd=1|h=3;80;1633;64;8192;1633;524288
10;32;2;2;13;tail;v2=0|odd=1|h=2;v2=0|odd=3|h=3;83;2901;128;8192;2901;1048576
10;32;2;2;13;tail;v2=0|odd=1|h=2;v2=1|odd=1|h=3;50;1161;64;8192;1161;524288
10;32;2;2;13;tail;v2=0|odd=1|h=2;v2=1|odd=3|h=3;48;401;32;8192;401;262144
10;32;2;2;13;tail;v2=0|odd=1|h=2;v2=2|odd=1|h=3;24;189;32;8192;189;262144
10;32;2;2;13;tail;v2=0|odd=1|h=2;v2=2|odd=3|h=3;29;643;64;8192;643;524288
10;32;2;2;13;tail;v2=0|odd=1|h=2;v2=3|odd=1|h=3;8;17;8;8192;17;65536
10;32;2;2;13;tail;v2=0|odd=1|h=2;v2=3|odd=3|h=3;32;601;64;8192;601;524288
10;32;2;2;13;tail;v2=0|odd=1|h=2;v2=4|odd=1|h=3;10;27;8;8192;27;65536
10;32;2;2;13;tail;v2=0|odd=1|h=2;v2=4|odd=3|h=3;8;21;8;8192;21;65536
10;32;2;2;13;tail;v2=0|odd=1|h=2;v2=5|odd=1|h=3;6;11;8;8192;11;65536
10;32;2;2;13;tail;v2=0|odd=1|h=2;v2=5|odd=3|h=3;5;3;2;8192;3;16384
10;32;2;2;13;tail;v2=0|odd=1|h=2;v2=6|odd=1|h=3;4;11;16;8192;11;131072
10;32;2;2;13;tail;v2=0|odd=1|h=2;v2=6|odd=3|h=3;3;3;2;8192;3;16384
10;32;2;2;13;tail;v2=0|odd=1|h=2;v2=7|odd=1|h=3;1;1;4;8192;1;32768
10;32;2;2;13;tail;v2=0|odd=1|h=2;v2=7|odd=3|h=3;2;3;8;8192;3;65536
10;32;2;2;13;tail;v2=0|odd=1|h=2;v2=8|odd=3|h=3;1;1;4;8192;1;32768
10;32;2;2;13;tail;v2=0|odd=1|h=2;v2=11|odd=3|h=3;1;1;4;8192;1;32768
10;32;2;2;13;tail;v2=0|odd=1|h=2;v2=13|odd=3|h=3;1;1;8;8192;1;65536
10;32;2;2;13;tail;v2=0|odd=1|h=3;v2=0|odd=1|h=0;80;1633;64;8192;1633;524288
10;32;2;2;13;tail;v2=0|odd=1|h=3;v2=0|odd=3|h=0;83;2901;128;8192;2901;1048576
10;32;2;2;13;tail;v2=0|odd=1|h=3;v2=1|odd=1|h=0;50;1161;64;8192;1161;524288
10;32;2;2;13;tail;v2=0|odd=1|h=3;v2=1|odd=3|h=0;48;401;32;8192;401;262144
10;32;2;2;13;tail;v2=0|odd=1|h=3;v2=2|odd=1|h=0;24;189;32;8192;189;262144
10;32;2;2;13;tail;v2=0|odd=1|h=3;v2=2|odd=3|h=0;29;643;64;8192;643;524288
10;32;2;2;13;tail;v2=0|odd=1|h=3;v2=3|odd=1|h=0;8;17;8;8192;17;65536
10;32;2;2;13;tail;v2=0|odd=1|h=3;v2=3|odd=3|h=0;32;601;64;8192;601;524288
10;32;2;2;13;tail;v2=0|odd=1|h=3;v2=4|odd=1|h=0;10;27;8;8192;27;65536
10;32;2;2;13;tail;v2=0|odd=1|h=3;v2=4|odd=3|h=0;8;21;8;8192;21;65536
10;32;2;2;13;tail;v2=0|odd=1|h=3;v2=5|odd=1|h=0;6;11;8;8192;11;65536
10;32;2;2;13;tail;v2=0|odd=1|h=3;v2=5|odd=3|h=0;5;3;2;8192;3;16384
10;32;2;2;13;tail;v2=0|odd=1|h=3;v2=6|odd=1|h=0;4;11;16;8192;11;131072
10;32;2;2;13;tail;v2=0|odd=1|h=3;v2=6|odd=3|h=0;3;3;2;8192;3;16384
10;32;2;2;13;tail;v2=0|odd=1|h=3;v2=7|odd=1|h=0;1;1;4;8192;1;32768
10;32;2;2;13;tail;v2=0|odd=1|h=3;v2=7|odd=3|h=0;2;3;8;8192;3;65536
10;32;2;2;13;tail;v2=0|odd=1|h=3;v2=8|odd=3|h=0;1;1;4;8192;1;32768
10;32;2;2;13;tail;v2=0|odd=1|h=3;v2=11|odd=3|h=0;1;1;4;8192;1;32768
10;32;2;2;13;tail;v2=0|odd=1|h=3;v2=13|odd=3|h=0;1;1;8;8192;1;65536
10;32;2;2;13;tail;v2=0|odd=3|h=0;v2=0|odd=1|h=1;173;4265;128;8192;4265;1048576
10;32;2;2;13;tail;v2=0|odd=3|h=0;v2=0|odd=3|h=1;163;7605;256;8192;7605;2097152
10;32;2;2;13;tail;v2=0|odd=3|h=0;v2=1|odd=1|h=1;105;4425;256;8192;4425;2097152
10;32;2;2;13;tail;v2=0|odd=3|h=0;v2=1|odd=3|h=1;82;17333;1024;8192;17333;8388608
10;32;2;2;13;tail;v2=0|odd=3|h=0;v2=2|odd=1|h=1;51;2357;256;8192;2357;2097152
10;32;2;2;13;tail;v2=0|odd=3|h=0;v2=2|odd=3|h=1;55;2439;256;8192;2439;2097152
10;32;2;2;13;tail;v2=0|odd=3|h=0;v2=3|odd=1|h=1;24;347;64;8192;347;524288
10;32;2;2;13;tail;v2=0|odd=3|h=0;v2=3|odd=3|h=1;30;573;128;8192;573;1048576
10;32;2;2;13;tail;v2=0|odd=3|h=0;v2=4|odd=1|h=1;14;87;32;8192;87;262144
10;32;2;2;13;tail;v2=0|odd=3|h=0;v2=4|odd=3|h=1;13;2;1;8192;1;4096
10;32;2;2;13;tail;v2=0|odd=3|h=0;v2=5|odd=1|h=1;6;3;4;8192;3;32768
10;32;2;2;13;tail;v2=0|odd=3|h=0;v2=5|odd=3|h=1;6;31;32;8192;31;262144
10;32;2;2;13;tail;v2=0|odd=3|h=0;v2=6|odd=1|h=1;3;3;8;8192;3;65536
10;32;2;2;13;tail;v2=0|odd=3|h=0;v2=6|odd=3|h=1;4;289;1024;8192;289;8388608
10;32;2;2;13;tail;v2=0|odd=3|h=0;v2=7|odd=1|h=1;1;1;64;8192;1;524288
10;32;2;2;13;tail;v2=0|odd=3|h=0;v2=7|odd=3|h=1;1;1;8;8192;1;65536
10;32;2;2;13;tail;v2=0|odd=3|h=0;v2=8|odd=1|h=1;2;5;16;8192;5;131072
10;32;2;2;13;tail;v2=0|odd=3|h=0;v2=8|odd=3|h=1;2;3;8;8192;3;65536
10;32;2;2;13;tail;v2=0|odd=3|h=0;v2=9|odd=1|h=1;1;1;8;8192;1;65536
10;32;2;2;13;tail;v2=0|odd=3|h=0;v2=10|odd=1|h=1;1;1;4;8192;1;32768
10;32;2;2;13;tail;v2=0|odd=3|h=0;v2=11|odd=3|h=1;1;1;4;8192;1;32768
10;32;2;2;13;tail;v2=0|odd=3|h=1;v2=0|odd=1|h=2;173;4265;128;8192;4265;1048576
10;32;2;2;13;tail;v2=0|odd=3|h=1;v2=0|odd=3|h=2;163;7605;256;8192;7605;2097152
10;32;2;2;13;tail;v2=0|odd=3|h=1;v2=1|odd=1|h=2;105;4425;256;8192;4425;2097152
10;32;2;2;13;tail;v2=0|odd=3|h=1;v2=1|odd=3|h=2;82;17333;1024;8192;17333;8388608
10;32;2;2;13;tail;v2=0|odd=3|h=1;v2=2|odd=1|h=2;51;2357;256;8192;2357;2097152
10;32;2;2;13;tail;v2=0|odd=3|h=1;v2=2|odd=3|h=2;55;2439;256;8192;2439;2097152
10;32;2;2;13;tail;v2=0|odd=3|h=1;v2=3|odd=1|h=2;24;347;64;8192;347;524288
10;32;2;2;13;tail;v2=0|odd=3|h=1;v2=3|odd=3|h=2;30;573;128;8192;573;1048576
10;32;2;2;13;tail;v2=0|odd=3|h=1;v2=4|odd=1|h=2;14;87;32;8192;87;262144
10;32;2;2;13;tail;v2=0|odd=3|h=1;v2=4|odd=3|h=2;13;2;1;8192;1;4096
10;32;2;2;13;tail;v2=0|odd=3|h=1;v2=5|odd=1|h=2;6;3;4;8192;3;32768
10;32;2;2;13;tail;v2=0|odd=3|h=1;v2=5|odd=3|h=2;6;31;32;8192;31;262144
10;32;2;2;13;tail;v2=0|odd=3|h=1;v2=6|odd=1|h=2;3;3;8;8192;3;65536
10;32;2;2;13;tail;v2=0|odd=3|h=1;v2=6|odd=3|h=2;4;289;1024;8192;289;8388608
10;32;2;2;13;tail;v2=0|odd=3|h=1;v2=7|odd=1|h=2;1;1;64;8192;1;524288
10;32;2;2;13;tail;v2=0|odd=3|h=1;v2=7|odd=3|h=2;1;1;8;8192;1;65536
10;32;2;2;13;tail;v2=0|odd=3|h=1;v2=8|odd=1|h=2;2;5;16;8192;5;131072
10;32;2;2;13;tail;v2=0|odd=3|h=1;v2=8|odd=3|h=2;2;3;8;8192;3;65536
10;32;2;2;13;tail;v2=0|odd=3|h=1;v2=9|odd=1|h=2;1;1;8;8192;1;65536
10;32;2;2;13;tail;v2=0|odd=3|h=1;v2=10|odd=1|h=2;1;1;4;8192;1;32768
10;32;2;2;13;tail;v2=0|odd=3|h=1;v2=11|odd=3|h=2;1;1;4;8192;1;32768
10;32;2;2;13;tail;v2=0|odd=3|h=2;v2=0|odd=1|h=3;173;4265;128;8192;4265;1048576
10;32;2;2;13;tail;v2=0|odd=3|h=2;v2=0|odd=3|h=3;163;7605;256;8192;7605;2097152
10;32;2;2;13;tail;v2=0|odd=3|h=2;v2=1|odd=1|h=3;105;4425;256;8192;4425;2097152
10;32;2;2;13;tail;v2=0|odd=3|h=2;v2=1|odd=3|h=3;82;17333;1024;8192;17333;8388608
10;32;2;2;13;tail;v2=0|odd=3|h=2;v2=2|odd=1|h=3;51;2357;256;8192;2357;2097152
10;32;2;2;13;tail;v2=0|odd=3|h=2;v2=2|odd=3|h=3;55;2439;256;8192;2439;2097152
10;32;2;2;13;tail;v2=0|odd=3|h=2;v2=3|odd=1|h=3;24;347;64;8192;347;524288
10;32;2;2;13;tail;v2=0|odd=3|h=2;v2=3|odd=3|h=3;30;573;128;8192;573;1048576
10;32;2;2;13;tail;v2=0|odd=3|h=2;v2=4|odd=1|h=3;14;87;32;8192;87;262144
10;32;2;2;13;tail;v2=0|odd=3|h=2;v2=4|odd=3|h=3;13;2;1;8192;1;4096
10;32;2;2;13;tail;v2=0|odd=3|h=2;v2=5|odd=1|h=3;6;3;4;8192;3;32768
10;32;2;2;13;tail;v2=0|odd=3|h=2;v2=5|odd=3|h=3;6;31;32;8192;31;262144
10;32;2;2;13;tail;v2=0|odd=3|h=2;v2=6|odd=1|h=3;3;3;8;8192;3;65536
10;32;2;2;13;tail;v2=0|odd=3|h=2;v2=6|odd=3|h=3;4;289;1024;8192;289;8388608
10;32;2;2;13;tail;v2=0|odd=3|h=2;v2=7|odd=1|h=3;1;1;64;8192;1;524288
10;32;2;2;13;tail;v2=0|odd=3|h=2;v2=7|odd=3|h=3;1;1;8;8192;1;65536
10;32;2;2;13;tail;v2=0|odd=3|h=2;v2=8|odd=1|h=3;2;5;16;8192;5;131072
10;32;2;2;13;tail;v2=0|odd=3|h=2;v2=8|odd=3|h=3;2;3;8;8192;3;65536
10;32;2;2;13;tail;v2=0|odd=3|h=2;v2=9|odd=1|h=3;1;1;8;8192;1;65536
10;32;2;2;13;tail;v2=0|odd=3|h=2;v2=10|odd=1|h=3;1;1;4;8192;1;32768
10;32;2;2;13;tail;v2=0|odd=3|h=2;v2=11|odd=3|h=3;1;1;4;8192;1;32768
10;32;2;2;13;tail;v2=0|odd=3|h=3;v2=0|odd=1|h=0;173;4265;128;8192;4265;1048576
10;32;2;2;13;tail;v2=0|odd=3|h=3;v2=0|odd=3|h=0;163;7605;256;8192;7605;2097152
10;32;2;2;13;tail;v2=0|odd=3|h=3;v2=1|odd=1|h=0;105;4425;256;8192;4425;2097152
10;32;2;2;13;tail;v2=0|odd=3|h=3;v2=1|odd=3|h=0;82;17333;1024;8192;17333;8388608
10;32;2;2;13;tail;v2=0|odd=3|h=3;v2=2|odd=1|h=0;51;2357;256;8192;2357;2097152
10;32;2;2;13;tail;v2=0|odd=3|h=3;v2=2|odd=3|h=0;55;2439;256;8192;2439;2097152
10;32;2;2;13;tail;v2=0|odd=3|h=3;v2=3|odd=1|h=0;24;347;64;8192;347;524288
10;32;2;2;13;tail;v2=0|odd=3|h=3;v2=3|odd=3|h=0;30;573;128;8192;573;1048576
10;32;2;2;13;tail;v2=0|odd=3|h=3;v2=4|odd=1|h=0;14;87;32;8192;87;262144
10;32;2;2;13;tail;v2=0|odd=3|h=3;v2=4|odd=3|h=0;13;2;1;8192;1;4096
10;32;2;2;13;tail;v2=0|odd=3|h=3;v2=5|odd=1|h=0;6;3;4;8192;3;32768
10;32;2;2;13;tail;v2=0|odd=3|h=3;v2=5|odd=3|h=0;6;31;32;8192;31;262144
10;32;2;2;13;tail;v2=0|odd=3|h=3;v2=6|odd=1|h=0;3;3;8;8192;3;65536
10;32;2;2;13;tail;v2=0|odd=3|h=3;v2=6|odd=3|h=0;4;289;1024;8192;289;8388608
10;32;2;2;13;tail;v2=0|odd=3|h=3;v2=7|odd=1|h=0;1;1;64;8192;1;524288
10;32;2;2;13;tail;v2=0|odd=3|h=3;v2=7|odd=3|h=0;1;1;8;8192;1;65536
10;32;2;2;13;tail;v2=0|odd=3|h=3;v2=8|odd=1|h=0;2;5;16;8192;5;131072
10;32;2;2;13;tail;v2=0|odd=3|h=3;v2=8|odd=3|h=0;2;3;8;8192;3;65536
10;32;2;2;13;tail;v2=0|odd=3|h=3;v2=9|odd=1|h=0;1;1;8;8192;1;65536
10;32;2;2;13;tail;v2=0|odd=3|h=3;v2=10|odd=1|h=0;1;1;4;8192;1;32768
10;32;2;2;13;tail;v2=0|odd=3|h=3;v2=11|odd=3|h=0;1;1;4;8192;1;32768
10;32;2;2;13;tail;v2=1|odd=1|h=0;v2=0|odd=1|h=1;10;33;4;4096;33;16384
10;32;2;2;13;tail;v2=1|odd=1|h=0;v2=0|odd=3|h=1;12;121;16;4096;121;65536
10;32;2;2;13;tail;v2=1|odd=1|h=0;v2=1|odd=1|h=1;5;13;4;4096;13;16384
10;32;2;2;13;tail;v2=1|odd=1|h=0;v2=1|odd=3|h=1;4;3;1;4096;3;4096
10;32;2;2;13;tail;v2=1|odd=1|h=0;v2=2|odd=1|h=1;2;3;2;4096;3;8192
10;32;2;2;13;tail;v2=1|odd=1|h=0;v2=2|odd=3|h=1;2;3;2;4096;3;8192
10;32;2;2;13;tail;v2=1|odd=1|h=0;v2=3|odd=1|h=1;2;3;2;4096;3;8192
10;32;2;2;13;tail;v2=1|odd=1|h=0;v2=3|odd=3|h=1;2;3;2;4096;3;8192
10;32;2;2;13;tail;v2=1|odd=1|h=0;v2=4|odd=1|h=1;1;1;4;4096;1;16384
10;32;2;2;13;tail;v2=1|odd=1|h=0;v2=4|odd=3|h=1;2;1;1;4096;1;4096
10;32;2;2;13;tail;v2=1|odd=1|h=0;v2=5|odd=1|h=1;1;1;1;4096;1;4096
10;32;2;2;13;tail;v2=1|odd=1|h=0;v2=5|odd=3|h=1;1;1;2;4096;1;8192
10;32;2;2;13;tail;v2=1|odd=1|h=0;v2=6|odd=3|h=1;2;3;4;4096;3;16384
10;32;2;2;13;tail;v2=1|odd=1|h=1;v2=0|odd=1|h=2;10;33;4;4096;33;16384
10;32;2;2;13;tail;v2=1|odd=1|h=1;v2=0|odd=3|h=2;12;121;16;4096;121;65536
10;32;2;2;13;tail;v2=1|odd=1|h=1;v2=1|odd=1|h=2;5;13;4;4096;13;16384
10;32;2;2;13;tail;v2=1|odd=1|h=1;v2=1|odd=3|h=2;4;3;1;4096;3;4096
10;32;2;2;13;tail;v2=1|odd=1|h=1;v2=2|odd=1|h=2;2;3;2;4096;3;8192
10;32;2;2;13;tail;v2=1|odd=1|h=1;v2=2|odd=3|h=2;2;3;2;4096;3;8192
10;32;2;2;13;tail;v2=1|odd=1|h=1;v2=3|odd=1|h=2;2;3;2;4096;3;8192
10;32;2;2;13;tail;v2=1|odd=1|h=1;v2=3|odd=3|h=2;2;3;2;4096;3;8192
10;32;2;2;13;tail;v2=1|odd=1|h=1;v2=4|odd=1|h=2;1;1;4;4096;1;16384
10;32;2;2;13;tail;v2=1|odd=1|h=1;v2=4|odd=3|h=2;2;1;1;4096;1;4096
10;32;2;2;13;tail;v2=1|odd=1|h=1;v2=5|odd=1|h=2;1;1;1;4096;1;4096
10;32;2;2;13;tail;v2=1|odd=1|h=1;v2=5|odd=3|h=2;1;1;2;4096;1;8192
10;32;2;2;13;tail;v2=1|odd=1|h=1;v2=6|odd=3|h=2;2;3;4;4096;3;16384
10;32;2;2;13;tail;v2=1|odd=1|h=2;v2=0|odd=1|h=3;10;33;4;4096;33;16384
10;32;2;2;13;tail;v2=1|odd=1|h=2;v2=0|odd=3|h=3;12;121;16;4096;121;65536
10;32;2;2;13;tail;v2=1|odd=1|h=2;v2=1|odd=1|h=3;5;13;4;4096;13;16384
10;32;2;2;13;tail;v2=1|odd=1|h=2;v2=1|odd=3|h=3;4;3;1;4096;3;4096
10;32;2;2;13;tail;v2=1|odd=1|h=2;v2=2|odd=1|h=3;2;3;2;4096;3;8192
10;32;2;2;13;tail;v2=1|odd=1|h=2;v2=2|odd=3|h=3;2;3;2;4096;3;8192
10;32;2;2;13;tail;v2=1|odd=1|h=2;v2=3|odd=1|h=3;2;3;2;4096;3;8192
10;32;2;2;13;tail;v2=1|odd=1|h=2;v2=3|odd=3|h=3;2;3;2;4096;3;8192
10;32;2;2;13;tail;v2=1|odd=1|h=2;v2=4|odd=1|h=3;1;1;4;4096;1;16384
10;32;2;2;13;tail;v2=1|odd=1|h=2;v2=4|odd=3|h=3;2;1;1;4096;1;4096
10;32;2;2;13;tail;v2=1|odd=1|h=2;v2=5|odd=1|h=3;1;1;1;4096;1;4096
10;32;2;2;13;tail;v2=1|odd=1|h=2;v2=5|odd=3|h=3;1;1;2;4096;1;8192
10;32;2;2;13;tail;v2=1|odd=1|h=2;v2=6|odd=3|h=3;2;3;4;4096;3;16384
10;32;2;2;13;tail;v2=1|odd=1|h=3;v2=0|odd=1|h=0;10;33;4;4096;33;16384
10;32;2;2;13;tail;v2=1|odd=1|h=3;v2=0|odd=3|h=0;12;121;16;4096;121;65536
10;32;2;2;13;tail;v2=1|odd=1|h=3;v2=1|odd=1|h=0;5;13;4;4096;13;16384
10;32;2;2;13;tail;v2=1|odd=1|h=3;v2=1|odd=3|h=0;4;3;1;4096;3;4096
10;32;2;2;13;tail;v2=1|odd=1|h=3;v2=2|odd=1|h=0;2;3;2;4096;3;8192
10;32;2;2;13;tail;v2=1|odd=1|h=3;v2=2|odd=3|h=0;2;3;2;4096;3;8192
10;32;2;2;13;tail;v2=1|odd=1|h=3;v2=3|odd=1|h=0;2;3;2;4096;3;8192
10;32;2;2;13;tail;v2=1|odd=1|h=3;v2=3|odd=3|h=0;2;3;2;4096;3;8192
10;32;2;2;13;tail;v2=1|odd=1|h=3;v2=4|odd=1|h=0;1;1;4;4096;1;16384
10;32;2;2;13;tail;v2=1|odd=1|h=3;v2=4|odd=3|h=0;2;1;1;4096;1;4096
10;32;2;2;13;tail;v2=1|odd=1|h=3;v2=5|odd=1|h=0;1;1;1;4096;1;4096
10;32;2;2;13;tail;v2=1|odd=1|h=3;v2=5|odd=3|h=0;1;1;2;4096;1;8192
10;32;2;2;13;tail;v2=1|odd=1|h=3;v2=6|odd=3|h=0;2;3;4;4096;3;16384
10;32;2;2;13;tail;v2=1|odd=3|h=0;v2=0|odd=1|h=1;42;111;8;4096;111;32768
10;32;2;2;13;tail;v2=1|odd=3|h=0;v2=0|odd=3|h=1;32;179;16;4096;179;65536
10;32;2;2;13;tail;v2=1|odd=3|h=0;v2=1|odd=1|h=1;21;139;16;4096;139;65536
10;32;2;2;13;tail;v2=1|odd=3|h=0;v2=1|odd=3|h=1;21;63;8;4096;63;32768
10;32;2;2;13;tail;v2=1|odd=3|h=0;v2=2|odd=1|h=1;12;249;64;4096;249;262144
10;32;2;2;13;tail;v2=1|odd=3|h=0;v2=2|odd=3|h=1;12;177;32;4096;177;131072
10;32;2;2;13;tail;v2=1|odd=3|h=0;v2=3|odd=1|h=1;6;11;8;4096;11;32768
10;32;2;2;13;tail;v2=1|odd=3|h=0;v2=3|odd=3|h=1;2;1;2;4096;1;8192
10;32;2;2;13;tail;v2=1|odd=3|h=0;v2=4|odd=3|h=1;3;1;1;4096;1;4096
10;32;2;2;13;tail;v2=1|odd=3|h=0;v2=5|odd=1|h=1;2;5;8;4096;5;32768
10;32;2;2;13;tail;v2=1|odd=3|h=0;v2=5|odd=3|h=1;4;3;2;4096;3;8192
10;32;2;2;13;tail;v2=1|odd=3|h=0;v2=6|odd=1|h=1;2;1;2;4096;1;8192
10;32;2;2;13;tail;v2=1|odd=3|h=0;v2=7|odd=3|h=1;1;1;8;4096;1;32768
10;32;2;2;13;tail;v2=1|odd=3|h=0;v2=8|odd=1|h=1;1;1;2;4096;1;8192
10;32;2;2;13;tail;v2=1|odd=3|h=0;v2=10|odd=1|h=1;1;1;4;4096;1;16384
10;32;2;2;13;tail;v2=1|odd=3|h=1;v2=0|odd=1|h=2;42;111;8;4096;111;32768
10;32;2;2;13;tail;v2=1|odd=3|h=1;v2=0|odd=3|h=2;32;179;16;4096;179;65536
10;32;2;2;13;tail;v2=1|odd=3|h=1;v2=1|odd=1|h=2;21;139;16;4096;139;65536
10;32;2;2;13;tail;v2=1|odd=3|h=1;v2=1|odd=3|h=2;21;63;8;4096;63;32768
10;32;2;2;13;tail;v2=1|odd=3|h=1;v2=2|odd=1|h=2;12;249;64;4096;249;262144
10;32;2;2;13;tail;v2=1|odd=3|h=1;v2=2|odd=3|h=2;12;177;32;4096;177;131072
10;32;2;2;13;tail;v2=1|odd=3|h=1;v2=3|odd=1|h=2;6;11;8;4096;11;32768
10;32;2;2;13;tail;v2=1|odd=3|h=1;v2=3|odd=3|h=2;2;1;2;4096;1;8192
10;32;2;2;13;tail;v2=1|odd=3|h=1;v2=4|odd=3|h=2;3;1;1;4096;1;4096
10;32;2;2;13;tail;v2=1|odd=3|h=1;v2=5|odd=1|h=2;2;5;8;4096;5;32768
10;32;2;2;13;tail;v2=1|odd=3|h=1;v2=5|odd=3|h=2;4;3;2;4096;3;8192
10;32;2;2;13;tail;v2=1|odd=3|h=1;v2=6|odd=1|h=2;2;1;2;4096;1;8192
10;32;2;2;13;tail;v2=1|odd=3|h=1;v2=7|odd=3|h=2;1;1;8;4096;1;32768
10;32;2;2;13;tail;v2=1|odd=3|h=1;v2=8|odd=1|h=2;1;1;2;4096;1;8192
10;32;2;2;13;tail;v2=1|odd=3|h=1;v2=10|odd=1|h=2;1;1;4;4096;1;16384
10;32;2;2;13;tail;v2=1|odd=3|h=2;v2=0|odd=1|h=3;42;111;8;4096;111;32768
10;32;2;2;13;tail;v2=1|odd=3|h=2;v2=0|odd=3|h=3;32;179;16;4096;179;65536
10;32;2;2;13;tail;v2=1|odd=3|h=2;v2=1|odd=1|h=3;21;139;16;4096;139;65536
10;32;2;2;13;tail;v2=1|odd=3|h=2;v2=1|odd=3|h=3;21;63;8;4096;63;32768
10;32;2;2;13;tail;v2=1|odd=3|h=2;v2=2|odd=1|h=3;12;249;64;4096;249;262144
10;32;2;2;13;tail;v2=1|odd=3|h=2;v2=2|odd=3|h=3;12;177;32;4096;177;131072
10;32;2;2;13;tail;v2=1|odd=3|h=2;v2=3|odd=1|h=3;6;11;8;4096;11;32768
10;32;2;2;13;tail;v2=1|odd=3|h=2;v2=3|odd=3|h=3;2;1;2;4096;1;8192
10;32;2;2;13;tail;v2=1|odd=3|h=2;v2=4|odd=3|h=3;3;1;1;4096;1;4096
10;32;2;2;13;tail;v2=1|odd=3|h=2;v2=5|odd=1|h=3;2;5;8;4096;5;32768
10;32;2;2;13;tail;v2=1|odd=3|h=2;v2=5|odd=3|h=3;4;3;2;4096;3;8192
10;32;2;2;13;tail;v2=1|odd=3|h=2;v2=6|odd=1|h=3;2;1;2;4096;1;8192
10;32;2;2;13;tail;v2=1|odd=3|h=2;v2=7|odd=3|h=3;1;1;8;4096;1;32768
10;32;2;2;13;tail;v2=1|odd=3|h=2;v2=8|odd=1|h=3;1;1;2;4096;1;8192
10;32;2;2;13;tail;v2=1|odd=3|h=2;v2=10|odd=1|h=3;1;1;4;4096;1;16384
10;32;2;2;13;tail;v2=1|odd=3|h=3;v2=0|odd=1|h=0;42;111;8;4096;111;32768
10;32;2;2;13;tail;v2=1|odd=3|h=3;v2=0|odd=3|h=0;32;179;16;4096;179;65536
10;32;2;2;13;tail;v2=1|odd=3|h=3;v2=1|odd=1|h=0;21;139;16;4096;139;65536
10;32;2;2;13;tail;v2=1|odd=3|h=3;v2=1|odd=3|h=0;21;63;8;4096;63;32768
10;32;2;2;13;tail;v2=1|odd=3|h=3;v2=2|odd=1|h=0;12;249;64;4096;249;262144
10;32;2;2;13;tail;v2=1|odd=3|h=3;v2=2|odd=3|h=0;12;177;32;4096;177;131072
10;32;2;2;13;tail;v2=1|odd=3|h=3;v2=3|odd=1|h=0;6;11;8;4096;11;32768
10;32;2;2;13;tail;v2=1|odd=3|h=3;v2=3|odd=3|h=0;2;1;2;4096;1;8192
10;32;2;2;13;tail;v2=1|odd=3|h=3;v2=4|odd=3|h=0;3;1;1;4096;1;4096
10;32;2;2;13;tail;v2=1|odd=3|h=3;v2=5|odd=1|h=0;2;5;8;4096;5;32768
10;32;2;2;13;tail;v2=1|odd=3|h=3;v2=5|odd=3|h=0;4;3;2;4096;3;8192
10;32;2;2;13;tail;v2=1|odd=3|h=3;v2=6|odd=1|h=0;2;1;2;4096;1;8192
10;32;2;2;13;tail;v2=1|odd=3|h=3;v2=7|odd=3|h=0;1;1;8;4096;1;32768
10;32;2;2;13;tail;v2=1|odd=3|h=3;v2=8|odd=1|h=0;1;1;2;4096;1;8192
10;32;2;2;13;tail;v2=1|odd=3|h=3;v2=10|odd=1|h=0;1;1;4;4096;1;16384
10;32;2;2;13;tail;v2=2|odd=1|h=0;v2=0|odd=1|h=1;16;91;16;2048;91;32768
10;32;2;2;13;tail;v2=2|odd=1|h=0;v2=0|odd=3|h=1;23;1477;256;2048;1477;524288
10;32;2;2;13;tail;v2=2|odd=1|h=0;v2=1|odd=1|h=1;11;611;128;2048;611;262144
10;32;2;2;13;tail;v2=2|odd=1|h=0;v2=1|odd=3|h=1;15;105;32;2048;105;65536
10;32;2;2;13;tail;v2=2|odd=1|h=0;v2=2|odd=1|h=1;2;3;8;2048;3;16384
10;32;2;2;13;tail;v2=2|odd=1|h=0;v2=2|odd=3|h=1;2;3;4;2048;3;8192
10;32;2;2;13;tail;v2=2|odd=1|h=0;v2=3|odd=1|h=1;4;57;32;2048;57;65536
10;32;2;2;13;tail;v2=2|odd=1|h=0;v2=3|odd=3|h=1;1;1;4;2048;1;8192
10;32;2;2;13;tail;v2=2|odd=1|h=0;v2=4|odd=3|h=1;2;9;16;2048;9;32768
10;32;2;2;13;tail;v2=2|odd=1|h=0;v2=6|odd=1|h=1;1;1;2;2048;1;4096
10;32;2;2;13;tail;v2=2|odd=1|h=0;v2=7|odd=1|h=1;1;1;16;2048;1;32768
10;32;2;2;13;tail;v2=2|odd=1|h=0;v2=8|odd=1|h=1;1;1;2;2048;1;4096
10;32;2;2;13;tail;v2=2|odd=1|h=1;v2=0|odd=1|h=2;16;91;16;2048;91;32768
10;32;2;2;13;tail;v2=2|odd=1|h=1;v2=0|odd=3|h=2;23;1477;256;2048;1477;524288
10;32;2;2;13;tail;v2=2|odd=1|h=1;v2=1|odd=1|h=2;11;611;128;2048;611;262144
10;32;2;2;13;tail;v2=2|odd=1|h=1;v2=1|odd=3|h=2;15;105;32;2048;105;65536
10;32;2;2;13;tail;v2=2|odd=1|h=1;v2=2|odd=1|h=2;2;3;8;2048;3;16384
10;32;2;2;13;tail;v2=2|odd=1|h=1;v2=2|odd=3|h=2;2;3;4;2048;3;8192
10;32;2;2;13;tail;v2=2|odd=1|h=1;v2=3|odd=1|h=2;4;57;32;2048;57;65536
10;32;2;2;13;tail;v2=2|odd=1|h=1;v2=3|odd=3|h=2;1;1;4;2048;1;8192
10;32;2;2;13;tail;v2=2|odd=1|h=1;v2=4|odd=3|h=2;2;9;16;2048;9;32768
10;32;2;2;13;tail;v2=2|odd=1|h=1;v2=6|odd=1|h=2;1;1;2;2048;1;4096
10;32;2;2;13;tail;v2=2|odd=1|h=1;v2=7|odd=1|h=2;1;1;16;2048;1;32768
10;32;2;2;13;tail;v2=2|odd=1|h=1;v2=8|odd=1|h=2;1;1;2;2048;1;4096
10;32;2;2;13;tail;v2=2|odd=1|h=2;v2=0|odd=1|h=3;16;91;16;2048;91;32768
10;32;2;2;13;tail;v2=2|odd=1|h=2;v2=0|odd=3|h=3;23;1477;256;2048;1477;524288
10;32;2;2;13;tail;v2=2|odd=1|h=2;v2=1|odd=1|h=3;11;611;128;2048;611;262144
10;32;2;2;13;tail;v2=2|odd=1|h=2;v2=1|odd=3|h=3;15;105;32;2048;105;65536
10;32;2;2;13;tail;v2=2|odd=1|h=2;v2=2|odd=1|h=3;2;3;8;2048;3;16384
10;32;2;2;13;tail;v2=2|odd=1|h=2;v2=2|odd=3|h=3;2;3;4;2048;3;8192
10;32;2;2;13;tail;v2=2|odd=1|h=2;v2=3|odd=1|h=3;4;57;32;2048;57;65536
10;32;2;2;13;tail;v2=2|odd=1|h=2;v2=3|odd=3|h=3;1;1;4;2048;1;8192
10;32;2;2;13;tail;v2=2|odd=1|h=2;v2=4|odd=3|h=3;2;9;16;2048;9;32768
10;32;2;2;13;tail;v2=2|odd=1|h=2;v2=6|odd=1|h=3;1;1;2;2048;1;4096
10;32;2;2;13;tail;v2=2|odd=1|h=2;v2=7|odd=1|h=3;1;1;16;2048;1;32768
10;32;2;2;13;tail;v2=2|odd=1|h=2;v2=8|odd=1|h=3;1;1;2;2048;1;4096
10;32;2;2;13;tail;v2=2|odd=1|h=3;v2=0|odd=1|h=0;16;91;16;2048;91;32768
10;32;2;2;13;tail;v2=2|odd=1|h=3;v2=0|odd=3|h=0;23;1477;256;2048;1477;524288
10;32;2;2;13;tail;v2=2|odd=1|h=3;v2=1|odd=1|h=0;11;611;128;2048;611;262144
10;32;2;2;13;tail;v2=2|odd=1|h=3;v2=1|odd=3|h=0;15;105;32;2048;105;65536
10;32;2;2;13;tail;v2=2|odd=1|h=3;v2=2|odd=1|h=0;2;3;8;2048;3;16384
10;32;2;2;13;tail;v2=2|odd=1|h=3;v2=2|odd=3|h=0;2;3;4;2048;3;8192
10;32;2;2;13;tail;v2=2|odd=1|h=3;v2=3|odd=1|h=0;4;57;32;2048;57;65536
10;32;2;2;13;tail;v2=2|odd=1|h=3;v2=3|odd=3|h=0;1;1;4;2048;1;8192
10;32;2;2;13;tail;v2=2|odd=1|h=3;v2=4|odd=3|h=0;2;9;16;2048;9;32768
10;32;2;2;13;tail;v2=2|odd=1|h=3;v2=6|odd=1|h=0;1;1;2;2048;1;4096
10;32;2;2;13;tail;v2=2|odd=1|h=3;v2=7|odd=1|h=0;1;1;16;2048;1;32768
10;32;2;2;13;tail;v2=2|odd=1|h=3;v2=8|odd=1|h=0;1;1;2;2048;1;4096
10;32;2;2;13;tail;v2=2|odd=3|h=0;v2=0|odd=1|h=1;122;1231;32;2048;1231;65536
10;32;2;2;13;tail;v2=2|odd=3|h=0;v2=0|odd=3|h=1;129;2229;64;2048;2229;131072
10;32;2;2;13;tail;v2=2|odd=3|h=0;v2=1|odd=1|h=1;71;681;32;2048;681;65536
10;32;2;2;13;tail;v2=2|odd=3|h=0;v2=1|odd=3|h=1;63;649;32;2048;649;65536
10;32;2;2;13;tail;v2=2|odd=3|h=0;v2=2|odd=1|h=1;33;133;16;2048;133;32768
10;32;2;2;13;tail;v2=2|odd=3|h=0;v2=2|odd=3|h=1;37;221;16;2048;221;32768
10;32;2;2;13;tail;v2=2|odd=3|h=0;v2=3|odd=1|h=1;19;133;16;2048;133;32768
10;32;2;2;13;tail;v2=2|odd=3|h=0;v2=3|odd=3|h=1;15;29;8;2048;29;16384
10;32;2;2;13;tail;v2=2|odd=3|h=0;v2=4|odd=1|h=1;18;55;8;2048;55;16384
10;32;2;2;13;tail;v2=2|odd=3|h=0;v2=4|odd=3|h=1;7;13;8;2048;13;16384
10;32;2;2;13;tail;v2=2|odd=3|h=0;v2=5|odd=1|h=1;3;3;4;2048;3;8192
10;32;2;2;13;tail;v2=2|odd=3|h=0;v2=5|odd=3|h=1;9;3;1;2048;3;2048
10;32;2;2;13;tail;v2=2|odd=3|h=0;v2=6|odd=1|h=1;5;3;2;2048;3;4096
10;32;2;2;13;tail;v2=2|odd=3|h=0;v2=6|odd=3|h=1;4;7;4;2048;7;8192
10;32;2;2;13;tail;v2=2|odd=3|h=0;v2=7|odd=1|h=1;3;5;4;2048;5;8192
10;32;2;2;13;tail;v2=2|odd=3|h=0;v2=7|odd=3|h=1;2;1;1;2048;1;2048
10;32;2;2;13;tail;v2=2|odd=3|h=0;v2=8|odd=1|h=1;1;1;4;2048;1;8192
10;32;2;2;13;tail;v2=2|odd=3|h=0;v2=8|odd=3|h=1;1;1;2;2048;1;4096
10;32;2;2;13;tail;v2=2|odd=3|h=0;v2=9|odd=3|h=1;1;1;2;2048;1;4096
10;32;2;2;13;tail;v2=2|odd=3|h=0;v2=12|odd=1|h=1;1;1;2;2048;1;4096
10;32;2;2;13;tail;v2=2|odd=3|h=1;v2=0|odd=1|h=2;122;1231;32;2048;1231;65536
10;32;2;2;13;tail;v2=2|odd=3|h=1;v2=0|odd=3|h=2;129;2229;64;2048;2229;131072
10;32;2;2;13;tail;v2=2|odd=3|h=1;v2=1|odd=1|h=2;71;681;32;2048;681;65536
10;32;2;2;13;tail;v2=2|odd=3|h=1;v2=1|odd=3|h=2;63;649;32;2048;649;65536
10;32;2;2;13;tail;v2=2|odd=3|h=1;v2=2|odd=1|h=2;33;133;16;2048;133;32768
10;32;2;2;13;tail;v2=2|odd=3|h=1;v2=2|odd=3|h=2;37;221;16;2048;221;32768
10;32;2;2;13;tail;v2=2|odd=3|h=1;v2=3|odd=1|h=2;19;133;16;2048;133;32768
10;32;2;2;13;tail;v2=2|odd=3|h=1;v2=3|odd=3|h=2;15;29;8;2048;29;16384
10;32;2;2;13;tail;v2=2|odd=3|h=1;v2=4|odd=1|h=2;18;55;8;2048;55;16384
10;32;2;2;13;tail;v2=2|odd=3|h=1;v2=4|odd=3|h=2;7;13;8;2048;13;16384
10;32;2;2;13;tail;v2=2|odd=3|h=1;v2=5|odd=1|h=2;3;3;4;2048;3;8192
10;32;2;2;13;tail;v2=2|odd=3|h=1;v2=5|odd=3|h=2;9;3;1;2048;3;2048
10;32;2;2;13;tail;v2=2|odd=3|h=1;v2=6|odd=1|h=2;5;3;2;2048;3;4096
10;32;2;2;13;tail;v2=2|odd=3|h=1;v2=6|odd=3|h=2;4;7;4;2048;7;8192
10;32;2;2;13;tail;v2=2|odd=3|h=1;v2=7|odd=1|h=2;3;5;4;2048;5;8192
10;32;2;2;13;tail;v2=2|odd=3|h=1;v2=7|odd=3|h=2;2;1;1;2048;1;2048
10;32;2;2;13;tail;v2=2|odd=3|h=1;v2=8|odd=1|h=2;1;1;4;2048;1;8192
10;32;2;2;13;tail;v2=2|odd=3|h=1;v2=8|odd=3|h=2;1;1;2;2048;1;4096
10;32;2;2;13;tail;v2=2|odd=3|h=1;v2=9|odd=3|h=2;1;1;2;2048;1;4096
10;32;2;2;13;tail;v2=2|odd=3|h=1;v2=12|odd=1|h=2;1;1;2;2048;1;4096
10;32;2;2;13;tail;v2=2|odd=3|h=2;v2=0|odd=1|h=3;122;1231;32;2048;1231;65536
10;32;2;2;13;tail;v2=2|odd=3|h=2;v2=0|odd=3|h=3;129;2229;64;2048;2229;131072
10;32;2;2;13;tail;v2=2|odd=3|h=2;v2=1|odd=1|h=3;71;681;32;2048;681;65536
10;32;2;2;13;tail;v2=2|odd=3|h=2;v2=1|odd=3|h=3;63;649;32;2048;649;65536
10;32;2;2;13;tail;v2=2|odd=3|h=2;v2=2|odd=1|h=3;33;133;16;2048;133;32768
10;32;2;2;13;tail;v2=2|odd=3|h=2;v2=2|odd=3|h=3;37;221;16;2048;221;32768
10;32;2;2;13;tail;v2=2|odd=3|h=2;v2=3|odd=1|h=3;19;133;16;2048;133;32768
10;32;2;2;13;tail;v2=2|odd=3|h=2;v2=3|odd=3|h=3;15;29;8;2048;29;16384
10;32;2;2;13;tail;v2=2|odd=3|h=2;v2=4|odd=1|h=3;18;55;8;2048;55;16384
10;32;2;2;13;tail;v2=2|odd=3|h=2;v2=4|odd=3|h=3;7;13;8;2048;13;16384
10;32;2;2;13;tail;v2=2|odd=3|h=2;v2=5|odd=1|h=3;3;3;4;2048;3;8192
10;32;2;2;13;tail;v2=2|odd=3|h=2;v2=5|odd=3|h=3;9;3;1;2048;3;2048
10;32;2;2;13;tail;v2=2|odd=3|h=2;v2=6|odd=1|h=3;5;3;2;2048;3;4096
10;32;2;2;13;tail;v2=2|odd=3|h=2;v2=6|odd=3|h=3;4;7;4;2048;7;8192
10;32;2;2;13;tail;v2=2|odd=3|h=2;v2=7|odd=1|h=3;3;5;4;2048;5;8192
10;32;2;2;13;tail;v2=2|odd=3|h=2;v2=7|odd=3|h=3;2;1;1;2048;1;2048
10;32;2;2;13;tail;v2=2|odd=3|h=2;v2=8|odd=1|h=3;1;1;4;2048;1;8192
10;32;2;2;13;tail;v2=2|odd=3|h=2;v2=8|odd=3|h=3;1;1;2;2048;1;4096
10;32;2;2;13;tail;v2=2|odd=3|h=2;v2=9|odd=3|h=3;1;1;2;2048;1;4096
10;32;2;2;13;tail;v2=2|odd=3|h=2;v2=12|odd=1|h=3;1;1;2;2048;1;4096
10;32;2;2;13;tail;v2=2|odd=3|h=3;v2=0|odd=1|h=0;122;1231;32;2048;1231;65536
10;32;2;2;13;tail;v2=2|odd=3|h=3;v2=0|odd=3|h=0;129;2229;64;2048;2229;131072
10;32;2;2;13;tail;v2=2|odd=3|h=3;v2=1|odd=1|h=0;71;681;32;2048;681;65536
10;32;2;2;13;tail;v2=2|odd=3|h=3;v2=1|odd=3|h=0;63;649;32;2048;649;65536
10;32;2;2;13;tail;v2=2|odd=3|h=3;v2=2|odd=1|h=0;33;133;16;2048;133;32768
10;32;2;2;13;tail;v2=2|odd=3|h=3;v2=2|odd=3|h=0;37;221;16;2048;221;32768
10;32;2;2;13;tail;v2=2|odd=3|h=3;v2=3|odd=1|h=0;19;133;16;2048;133;32768
10;32;2;2;13;tail;v2=2|odd=3|h=3;v2=3|odd=3|h=0;15;29;8;2048;29;16384
10;32;2;2;13;tail;v2=2|odd=3|h=3;v2=4|odd=1|h=0;18;55;8;2048;55;16384
10;32;2;2;13;tail;v2=2|odd=3|h=3;v2=4|odd=3|h=0;7;13;8;2048;13;16384
10;32;2;2;13;tail;v2=2|odd=3|h=3;v2=5|odd=1|h=0;3;3;4;2048;3;8192
10;32;2;2;13;tail;v2=2|odd=3|h=3;v2=5|odd=3|h=0;9;3;1;2048;3;2048
10;32;2;2;13;tail;v2=2|odd=3|h=3;v2=6|odd=1|h=0;5;3;2;2048;3;4096
10;32;2;2;13;tail;v2=2|odd=3|h=3;v2=6|odd=3|h=0;4;7;4;2048;7;8192
10;32;2;2;13;tail;v2=2|odd=3|h=3;v2=7|odd=1|h=0;3;5;4;2048;5;8192
10;32;2;2;13;tail;v2=2|odd=3|h=3;v2=7|odd=3|h=0;2;1;1;2048;1;2048
10;32;2;2;13;tail;v2=2|odd=3|h=3;v2=8|odd=1|h=0;1;1;4;2048;1;8192
10;32;2;2;13;tail;v2=2|odd=3|h=3;v2=8|odd=3|h=0;1;1;2;2048;1;4096
10;32;2;2;13;tail;v2=2|odd=3|h=3;v2=9|odd=3|h=0;1;1;2;2048;1;4096
10;32;2;2;13;tail;v2=2|odd=3|h=3;v2=12|odd=1|h=0;1;1;2;2048;1;4096
10;32;2;2;13;tail;v2=3|odd=1|h=0;v2=0|odd=1|h=1;23;101;16;1024;101;16384
10;32;2;2;13;tail;v2=3|odd=1|h=0;v2=0|odd=3|h=1;21;357;64;1024;357;65536
10;32;2;2;13;tail;v2=3|odd=1|h=0;v2=1|odd=1|h=1;9;87;32;1024;87;32768
10;32;2;2;13;tail;v2=3|odd=1|h=0;v2=1|odd=3|h=1;10;533;256;1024;533;262144
10;32;2;2;13;tail;v2=3|odd=1|h=0;v2=2|odd=1|h=1;3;3;4;1024;3;4096
10;32;2;2;13;tail;v2=3|odd=1|h=0;v2=2|odd=3|h=1;7;97;64;1024;97;65536
10;32;2;2;13;tail;v2=3|odd=1|h=0;v2=3|odd=1|h=1;3;9;16;1024;9;16384
10;32;2;2;13;tail;v2=3|odd=1|h=0;v2=3|odd=3|h=1;2;5;8;1024;5;8192
10;32;2;2;13;tail;v2=3|odd=1|h=0;v2=4|odd=1|h=1;1;1;8;1024;1;8192
10;32;2;2;13;tail;v2=3|odd=1|h=0;v2=4|odd=3|h=1;1;1;4;1024;1;4096
10;32;2;2;13;tail;v2=3|odd=1|h=0;v2=5|odd=3|h=1;3;3;4;1024;3;4096
10;32;2;2;13;tail;v2=3|odd=1|h=1;v2=0|odd=1|h=2;23;101;16;1024;101;16384
10;32;2;2;13;tail;v2=3|odd=1|h=1;v2=0|odd=3|h=2;21;357;64;1024;357;65536
10;32;2;2;13;tail;v2=3|odd=1|h=1;v2=1|odd=1|h=2;9;87;32;1024;87;32768
10;32;2;2;13;tail;v2=3|odd=1|h=1;v2=1|odd=3|h=2;10;533;256;1024;533;262144
10;32;2;2;13;tail;v2=3|odd=1|h=1;v2=2|odd=1|h=2;3;3;4;1024;3;4096
10;32;2;2;13;tail;v2=3|odd=1|h=1;v2=2|odd=3|h=2;7;97;64;1024;97;65536
10;32;2;2;13;tail;v2=3|odd=1|h=1;v2=3|odd=1|h=2;3;9;16;1024;9;16384
10;32;2;2;13;tail;v2=3|odd=1|h=1;v2=3|odd=3|h=2;2;5;8;1024;5;8192
10;32;2;2;13;tail;v2=3|odd=1|h=1;v2=4|odd=1|h=2;1;1;8;1024;1;8192
10;32;2;2;13;tail;v2=3|odd=1|h=1;v2=4|odd=3|h=2;1;1;4;1024;1;4096
10;32;2;2;13;tail;v2=3|odd=1|h=1;v2=5|odd=3|h=2;3;3;4;1024;3;4096
10;32;2;2;13;tail;v2=3|odd=1|h=2;v2=0|odd=1|h=3;23;101;16;1024;101;16384
10;32;2;2;13;tail;v2=3|odd=1|h=2;v2=0|odd=3|h=3;21;357;64;1024;357;65536
10;32;2;2;13;tail;v2=3|odd=1|h=2;v2=1|odd=1|h=3;9;87;32;1024;87;32768
10;32;2;2;13;tail;v2=3|odd=1|h=2;v2=1|odd=3|h=3;10;533;256;1024;533;262144
10;32;2;2;13;tail;v2=3|odd=1|h=2;v2=2|odd=1|h=3;3;3;4;1024;3;4096
10;32;2;2;13;tail;v2=3|odd=1|h=2;v2=2|odd=3|h=3;7;97;64;1024;97;65536
10;32;2;2;13;tail;v2=3|odd=1|h=2;v2=3|odd=1|h=3;3;9;16;1024;9;16384
10;32;2;2;13;tail;v2=3|odd=1|h=2;v2=3|odd=3|h=3;2;5;8;1024;5;8192
10;32;2;2;13;tail;v2=3|odd=1|h=2;v2=4|odd=1|h=3;1;1;8;1024;1;8192
10;32;2;2;13;tail;v2=3|odd=1|h=2;v2=4|odd=3|h=3;1;1;4;1024;1;4096
10;32;2;2;13;tail;v2=3|odd=1|h=2;v2=5|odd=3|h=3;3;3;4;1024;3;4096
10;32;2;2;13;tail;v2=3|odd=1|h=3;v2=0|odd=1|h=0;23;101;16;1024;101;16384
10;32;2;2;13;tail;v2=3|odd=1|h=3;v2=0|odd=3|h=0;21;357;64;1024;357;65536
10;32;2;2;13;tail;v2=3|odd=1|h=3;v2=1|odd=1|h=0;9;87;32;1024;87;32768
10;32;2;2;13;tail;v2=3|odd=1|h=3;v2=1|odd=3|h=0;10;533;256;1024;533;262144
10;32;2;2;13;tail;v2=3|odd=1|h=3;v2=2|odd=1|h=0;3;3;4;1024;3;4096
10;32;2;2;13;tail;v2=3|odd=1|h=3;v2=2|odd=3|h=0;7;97;64;1024;97;65536
10;32;2;2;13;tail;v2=3|odd=1|h=3;v2=3|odd=1|h=0;3;9;16;1024;9;16384
10;32;2;2;13;tail;v2=3|odd=1|h=3;v2=3|odd=3|h=0;2;5;8;1024;5;8192
10;32;2;2;13;tail;v2=3|odd=1|h=3;v2=4|odd=1|h=0;1;1;8;1024;1;8192
10;32;2;2;13;tail;v2=3|odd=1|h=3;v2=4|odd=3|h=0;1;1;4;1024;1;4096
10;32;2;2;13;tail;v2=3|odd=1|h=3;v2=5|odd=3|h=0;3;3;4;1024;3;4096
10;32;2;2;13;tail;v2=3|odd=3|h=0;v2=0|odd=1|h=1;6;57;16;1024;57;16384
10;32;2;2;13;tail;v2=3|odd=3|h=0;v2=0|odd=3|h=1;10;51;16;1024;51;16384
10;32;2;2;13;tail;v2=3|odd=3|h=0;v2=1|odd=1|h=1;2;5;4;1024;5;4096
10;32;2;2;13;tail;v2=3|odd=3|h=0;v2=1|odd=3|h=1;8;3;1;1024;3;1024
10;32;2;2;13;tail;v2=3|odd=3|h=0;v2=2|odd=1|h=1;1;1;4;1024;1;4096
10;32;2;2;13;tail;v2=3|odd=3|h=0;v2=2|odd=3|h=1;2;3;2;1024;3;2048
10;32;2;2;13;tail;v2=3|odd=3|h=0;v2=3|odd=1|h=1;2;3;8;1024;3;8192
10;32;2;2;13;tail;v2=3|odd=3|h=0;v2=3|odd=3|h=1;1;1;2;1024;1;2048
10;32;2;2;13;tail;v2=3|odd=3|h=0;v2=7|odd=1|h=1;1;1;4;1024;1;4096
10;32;2;2;13;tail;v2=3|odd=3|h=1;v2=0|odd=1|h=2;6;57;16;1024;57;16384
10;32;2;2;13;tail;v2=3|odd=3|h=1;v2=0|odd=3|h=2;10;51;16;1024;51;16384
10;32;2;2;13;tail;v2=3|odd=3|h=1;v2=1|odd=1|h=2;2;5;4;1024;5;4096
10;32;2;2;13;tail;v2=3|odd=3|h=1;v2=1|odd=3|h=2;8;3;1;1024;3;1024
10;32;2;2;13;tail;v2=3|odd=3|h=1;v2=2|odd=1|h=2;1;1;4;1024;1;4096
10;32;2;2;13;tail;v2=3|odd=3|h=1;v2=2|odd=3|h=2;2;3;2;1024;3;2048
10;32;2;2;13;tail;v2=3|odd=3|h=1;v2=3|odd=1|h=2;2;3;8;1024;3;8192
10;32;2;2;13;tail;v2=3|odd=3|h=1;v2=3|odd=3|h=2;1;1;2;1024;1;2048
10;32;2;2;13;tail;v2=3|odd=3|h=1;v2=7|odd=1|h=2;1;1;4;1024;1;4096
10;32;2;2;13;tail;v2=3|odd=3|h=2;v2=0|odd=1|h=3;6;57;16;1024;57;16384
10;32;2;2;13;tail;v2=3|odd=3|h=2;v2=0|odd=3|h=3;10;51;16;1024;51;16384
10;32;2;2;13;tail;v2=3|odd=3|h=2;v2=1|odd=1|h=3;2;5;4;1024;5;4096
10;32;2;2;13;tail;v2=3|odd=3|h=2;v2=1|odd=3|h=3;8;3;1;1024;3;1024
10;32;2;2;13;tail;v2=3|odd=3|h=2;v2=2|odd=1|h=3;1;1;4;1024;1;4096
10;32;2;2;13;tail;v2=3|odd=3|h=2;v2=2|odd=3|h=3;2;3;2;1024;3;2048
10;32;2;2;13;tail;v2=3|odd=3|h=2;v2=3|odd=1|h=3;2;3;8;1024;3;8192
10;32;2;2;13;tail;v2=3|odd=3|h=2;v2=3|odd=3|h=3;1;1;2;1024;1;2048
10;32;2;2;13;tail;v2=3|odd=3|h=2;v2=7|odd=1|h=3;1;1;4;1024;1;4096
10;32;2;2;13;tail;v2=3|odd=3|h=3;v2=0|odd=1|h=0;6;57;16;1024;57;16384
10;32;2;2;13;tail;v2=3|odd=3|h=3;v2=0|odd=3|h=0;10;51;16;1024;51;16384
10;32;2;2;13;tail;v2=3|odd=3|h=3;v2=1|odd=1|h=0;2;5;4;1024;5;4096
10;32;2;2;13;tail;v2=3|odd=3|h=3;v2=1|odd=3|h=0;8;3;1;1024;3;1024
10;32;2;2;13;tail;v2=3|odd=3|h=3;v2=2|odd=1|h=0;1;1;4;1024;1;4096
10;32;2;2;13;tail;v2=3|odd=3|h=3;v2=2|odd=3|h=0;2;3;2;1024;3;2048
10;32;2;2;13;tail;v2=3|odd=3|h=3;v2=3|odd=1|h=0;2;3;8;1024;3;8192
10;32;2;2;13;tail;v2=3|odd=3|h=3;v2=3|odd=3|h=0;1;1;2;1024;1;2048
10;32;2;2;13;tail;v2=3|odd=3|h=3;v2=7|odd=1|h=0;1;1;4;1024;1;4096
10;32;2;2;13;tail;v2=5|odd=1|h=0;v2=0|odd=1|h=1;3;9;4;256;9;1024
10;32;2;2;13;tail;v2=5|odd=1|h=0;v2=0|odd=3|h=1;1;1;2;256;1;512
10;32;2;2;13;tail;v2=5|odd=1|h=0;v2=1|odd=1|h=1;3;33;16;256;33;4096
10;32;2;2;13;tail;v2=5|odd=1|h=0;v2=1|odd=3|h=1;1;1;4;256;1;1024
10;32;2;2;13;tail;v2=5|odd=1|h=1;v2=0|odd=1|h=2;3;9;4;256;9;1024
10;32;2;2;13;tail;v2=5|odd=1|h=1;v2=0|odd=3|h=2;1;1;2;256;1;512
10;32;2;2;13;tail;v2=5|odd=1|h=1;v2=1|odd=1|h=2;3;33;16;256;33;4096
10;32;2;2;13;tail;v2=5|odd=1|h=1;v2=1|odd=3|h=2;1;1;4;256;1;1024
10;32;2;2;13;tail;v2=5|odd=1|h=2;v2=0|odd=1|h=3;3;9;4;256;9;1024
10;32;2;2;13;tail;v2=5|odd=1|h=2;v2=0|odd=3|h=3;1;1;2;256;1;512
10;32;2;2;13;tail;v2=5|odd=1|h=2;v2=1|odd=1|h=3;3;33;16;256;33;4096
10;32;2;2;13;tail;v2=5|odd=1|h=2;v2=1|odd=3|h=3;1;1;4;256;1;1024
10;32;2;2;13;tail;v2=5|odd=1|h=3;v2=0|odd=1|h=0;3;9;4;256;9;1024
10;32;2;2;13;tail;v2=5|odd=1|h=3;v2=0|odd=3|h=0;1;1;2;256;1;512
10;32;2;2;13;tail;v2=5|odd=1|h=3;v2=1|odd=1|h=0;3;33;16;256;33;4096
10;32;2;2;13;tail;v2=5|odd=1|h=3;v2=1|odd=3|h=0;1;1;4;256;1;1024
10;32;2;2;13;tail;v2=6|odd=1|h=0;v2=0|odd=3|h=1;4;7;4;128;7;512
10;32;2;2;13;tail;v2=6|odd=1|h=0;v2=1|odd=3|h=1;1;1;2;128;1;256
10;32;2;2;13;tail;v2=6|odd=1|h=0;v2=3|odd=3|h=1;1;1;2;128;1;256
10;32;2;2;13;tail;v2=6|odd=1|h=1;v2=0|odd=3|h=2;4;7;4;128;7;512
10;32;2;2;13;tail;v2=6|odd=1|h=1;v2=1|odd=3|h=2;1;1;2;128;1;256
10;32;2;2;13;tail;v2=6|odd=1|h=1;v2=3|odd=3|h=2;1;1;2;128;1;256
10;32;2;2;13;tail;v2=6|odd=1|h=2;v2=0|odd=3|h=3;4;7;4;128;7;512
10;32;2;2;13;tail;v2=6|odd=1|h=2;v2=1|odd=3|h=3;1;1;2;128;1;256
10;32;2;2;13;tail;v2=6|odd=1|h=2;v2=3|odd=3|h=3;1;1;2;128;1;256
10;32;2;2;13;tail;v2=6|odd=1|h=3;v2=0|odd=3|h=0;4;7;4;128;7;512
10;32;2;2;13;tail;v2=6|odd=1|h=3;v2=1|odd=3|h=0;1;1;2;128;1;256
10;32;2;2;13;tail;v2=6|odd=1|h=3;v2=3|odd=3|h=0;1;1;2;128;1;256
10;32;2;2;13;tail;v2=7|odd=1|h=0;v2=0|odd=1|h=1;1;1;2;64;1;128
10;32;2;2;13;tail;v2=7|odd=1|h=0;v2=0|odd=3|h=1;2;5;16;64;5;1024
10;32;2;2;13;tail;v2=7|odd=1|h=0;v2=1|odd=1|h=1;2;1;1;64;1;64
10;32;2;2;13;tail;v2=7|odd=1|h=0;v2=3|odd=1|h=1;1;1;2;64;1;128
10;32;2;2;13;tail;v2=7|odd=1|h=1;v2=0|odd=1|h=2;1;1;2;64;1;128
10;32;2;2;13;tail;v2=7|odd=1|h=1;v2=0|odd=3|h=2;2;5;16;64;5;1024
10;32;2;2;13;tail;v2=7|odd=1|h=1;v2=1|odd=1|h=2;2;1;1;64;1;64
10;32;2;2;13;tail;v2=7|odd=1|h=1;v2=3|odd=1|h=2;1;1;2;64;1;128
10;32;2;2;13;tail;v2=7|odd=1|h=2;v2=0|odd=1|h=3;1;1;2;64;1;128
10;32;2;2;13;tail;v2=7|odd=1|h=2;v2=0|odd=3|h=3;2;5;16;64;5;1024
10;32;2;2;13;tail;v2=7|odd=1|h=2;v2=1|odd=1|h=3;2;1;1;64;1;64
10;32;2;2;13;tail;v2=7|odd=1|h=2;v2=3|odd=1|h=3;1;1;2;64;1;128
10;32;2;2;13;tail;v2=7|odd=1|h=3;v2=0|odd=1|h=0;1;1;2;64;1;128
10;32;2;2;13;tail;v2=7|odd=1|h=3;v2=0|odd=3|h=0;2;5;16;64;5;1024
10;32;2;2;13;tail;v2=7|odd=1|h=3;v2=1|odd=1|h=0;2;1;1;64;1;64
10;32;2;2;13;tail;v2=7|odd=1|h=3;v2=3|odd=1|h=0;1;1;2;64;1;128
10;32;2;2;13;tail;v2=7|odd=3|h=0;v2=0|odd=1|h=1;1;1;64;64;1;4096
10;32;2;2;13;tail;v2=7|odd=3|h=0;v2=0|odd=3|h=1;3;13;16;64;13;1024
10;32;2;2;13;tail;v2=7|odd=3|h=0;v2=1|odd=1|h=1;1;1;8;64;1;512
10;32;2;2;13;tail;v2=7|odd=3|h=0;v2=1|odd=3|h=1;1;1;4;64;1;256
10;32;2;2;13;tail;v2=7|odd=3|h=0;v2=2|odd=1|h=1;1;1;4;64;1;256
10;32;2;2;13;tail;v2=7|odd=3|h=1;v2=0|odd=1|h=2;1;1;64;64;1;4096
10;32;2;2;13;tail;v2=7|odd=3|h=1;v2=0|odd=3|h=2;3;13;16;64;13;1024
10;32;2;2;13;tail;v2=7|odd=3|h=1;v2=1|odd=1|h=2;1;1;8;64;1;512
10;32;2;2;13;tail;v2=7|odd=3|h=1;v2=1|odd=3|h=2;1;1;4;64;1;256
10;32;2;2;13;tail;v2=7|odd=3|h=1;v2=2|odd=1|h=2;1;1;4;64;1;256
10;32;2;2;13;tail;v2=7|odd=3|h=2;v2=0|odd=1|h=3;1;1;64;64;1;4096
10;32;2;2;13;tail;v2=7|odd=3|h=2;v2=0|odd=3|h=3;3;13;16;64;13;1024
10;32;2;2;13;tail;v2=7|odd=3|h=2;v2=1|odd=1|h=3;1;1;8;64;1;512
10;32;2;2;13;tail;v2=7|odd=3|h=2;v2=1|odd=3|h=3;1;1;4;64;1;256
10;32;2;2;13;tail;v2=7|odd=3|h=2;v2=2|odd=1|h=3;1;1;4;64;1;256
10;32;2;2;13;tail;v2=7|odd=3|h=3;v2=0|odd=1|h=0;1;1;64;64;1;4096
10;32;2;2;13;tail;v2=7|odd=3|h=3;v2=0|odd=3|h=0;3;13;16;64;13;1024
10;32;2;2;13;tail;v2=7|odd=3|h=3;v2=1|odd=1|h=0;1;1;8;64;1;512
10;32;2;2;13;tail;v2=7|odd=3|h=3;v2=1|odd=3|h=0;1;1;4;64;1;256
10;32;2;2;13;tail;v2=7|odd=3|h=3;v2=2|odd=1|h=0;1;1;4;64;1;256
10;32;2;2;13;tail;v2=9|odd=1|h=0;v2=0|odd=3|h=1;2;3;4;16;3;64
10;32;2;2;13;tail;v2=9|odd=1|h=1;v2=0|odd=3|h=2;2;3;4;16;3;64
10;32;2;2;13;tail;v2=9|odd=1|h=2;v2=0|odd=3|h=3;2;3;4;16;3;64
10;32;2;2;13;tail;v2=9|odd=1|h=3;v2=0|odd=3|h=0;2;3;4;16;3;64
10;32;2;2;13;tail;v2=10|odd=1|h=0;v2=4|odd=1|h=1;1;1;2;8;1;16
10;32;2;2;13;tail;v2=10|odd=1|h=1;v2=4|odd=1|h=2;1;1;2;8;1;16
10;32;2;2;13;tail;v2=10|odd=1|h=2;v2=4|odd=1|h=3;1;1;2;8;1;16
10;32;2;2;13;tail;v2=10|odd=1|h=3;v2=4|odd=1|h=0;1;1;2;8;1;16
10;32;2;2;13;tail;v2=10|odd=3|h=0;v2=0|odd=1|h=1;2;3;2;8;3;16
10;32;2;2;13;tail;v2=10|odd=3|h=0;v2=0|odd=3|h=1;2;1;1;8;1;8
10;32;2;2;13;tail;v2=10|odd=3|h=0;v2=1|odd=1|h=1;1;1;2;8;1;16
10;32;2;2;13;tail;v2=10|odd=3|h=0;v2=1|odd=3|h=1;1;1;2;8;1;16
10;32;2;2;13;tail;v2=10|odd=3|h=0;v2=2|odd=3|h=1;1;1;2;8;1;16
10;32;2;2;13;tail;v2=10|odd=3|h=0;v2=5|odd=1|h=1;1;1;2;8;1;16
10;32;2;2;13;tail;v2=10|odd=3|h=1;v2=0|odd=1|h=2;2;3;2;8;3;16
10;32;2;2;13;tail;v2=10|odd=3|h=1;v2=0|odd=3|h=2;2;1;1;8;1;8
10;32;2;2;13;tail;v2=10|odd=3|h=1;v2=1|odd=1|h=2;1;1;2;8;1;16
10;32;2;2;13;tail;v2=10|odd=3|h=1;v2=1|odd=3|h=2;1;1;2;8;1;16
10;32;2;2;13;tail;v2=10|odd=3|h=1;v2=2|odd=3|h=2;1;1;2;8;1;16
10;32;2;2;13;tail;v2=10|odd=3|h=1;v2=5|odd=1|h=2;1;1;2;8;1;16
10;32;2;2;13;tail;v2=10|odd=3|h=2;v2=0|odd=1|h=3;2;3;2;8;3;16
10;32;2;2;13;tail;v2=10|odd=3|h=2;v2=0|odd=3|h=3;2;1;1;8;1;8
10;32;2;2;13;tail;v2=10|odd=3|h=2;v2=1|odd=1|h=3;1;1;2;8;1;16
10;32;2;2;13;tail;v2=10|odd=3|h=2;v2=1|odd=3|h=3;1;1;2;8;1;16
10;32;2;2;13;tail;v2=10|odd=3|h=2;v2=2|odd=3|h=3;1;1;2;8;1;16
10;32;2;2;13;tail;v2=10|odd=3|h=2;v2=5|odd=1|h=3;1;1;2;8;1;16
10;32;2;2;13;tail;v2=10|odd=3|h=3;v2=0|odd=1|h=0;2;3;2;8;3;16
10;32;2;2;13;tail;v2=10|odd=3|h=3;v2=0|odd=3|h=0;2;1;1;8;1;8
10;32;2;2;13;tail;v2=10|odd=3|h=3;v2=1|odd=1|h=0;1;1;2;8;1;16
10;32;2;2;13;tail;v2=10|odd=3|h=3;v2=1|odd=3|h=0;1;1;2;8;1;16
10;32;2;2;13;tail;v2=10|odd=3|h=3;v2=2|odd=3|h=0;1;1;2;8;1;16
10;32;2;2;13;tail;v2=10|odd=3|h=3;v2=5|odd=1|h=0;1;1;2;8;1;16
